locus_tag, old_locus_tag
LBJ_RS00005, LBJ_0001
LBJ_RS00010, LBJ_0002
LBJ_RS00015, LBJ_0003
LBJ_RS00020, LBJ_0004
LBJ_RS00025, LBJ_0005
LBJ_RS00030, LBJ_0006
LBJ_RS00035, LBJ_0007
LBJ_RS00040, LBJ_0008
LBJ_RS00045, LBJ_0009
LBJ_RS00050, LBJ_0010
LBJ_RS00060, LBJ_0011
LBJ_RS00065, LBJ_0012
LBJ_RS00070, LBJ_0013
LBJ_RS00075, LBJ_0014
LBJ_RS00080, LBJ_0015
LBJ_RS00085, LBJ_0016
LBJ_RS00090, LBJ_0017
LBJ_RS21065
LBJ_RS00095, LBJ_0018
LBJ_RS00100, LBJ_0019
LBJ_RS18090, LBJ_0020
LBJ_RS00110, LBJ_0021
LBJ_RS00115, LBJ_0023
LBJ_RS21685
LBJ_RS00120, LBJ_0024
LBJ_RS00125, LBJ_0025
LBJ_RS00130, LBJ_0026
LBJ_RS00135, LBJ_0027
LBJ_RS00140, LBJ_0028
LBJ_RS00155
LBJ_RS00160
LBJ_RS21690
LBJ_RS00170, LBJ_0029
LBJ_RS00175, LBJ_0030
LBJ_RS00180, LBJ_0031
LBJ_RS00185, LBJ_0032
LBJ_RS00195, LBJ_0033
LBJ_RS00200, LBJ_0034
LBJ_RS00205, LBJ_0035
LBJ_RS00210, LBJ_0036
LBJ_RS00215, LBJ_0037
LBJ_RS00220, LBJ_0038
LBJ_RS00225, LBJ_0039
LBJ_RS00230, LBJ_0040
LBJ_RS00235, LBJ_0041
LBJ_RS00240, LBJ_0042
LBJ_RS00245, LBJ_0043
LBJ_RS00250, LBJ_0044
LBJ_RS00255, LBJ_0045
LBJ_RS00260, LBJ_0046
LBJ_RS00265, LBJ_0047
LBJ_RS00270
LBJ_RS00275
LBJ_RS00280, LBJ_0050
LBJ_RS00285, LBJ_0051
LBJ_RS00290, LBJ_0052
LBJ_RS00300, LBJ_0053
LBJ_RS00305, LBJ_0054
LBJ_RS00310, LBJ_0055
LBJ_RS00315, LBJ_0056
LBJ_RS00320, LBJ_0057
LBJ_RS00325, LBJ_0058
LBJ_RS00330, LBJ_0059
LBJ_RS00335, LBJ_0060
LBJ_RS00340, LBJ_0061
LBJ_RS00345, LBJ_0062
LBJ_RS00350, LBJ_0063
LBJ_RS00355, LBJ_0064
LBJ_RS00360, LBJ_0065
LBJ_RS00365, LBJ_0066
LBJ_RS00370, LBJ_0067
LBJ_RS00375, LBJ_0068
LBJ_RS00380, LBJ_0069
LBJ_RS00385, LBJ_0070
LBJ_RS00390, LBJ_0071
LBJ_RS00395, LBJ_0072
LBJ_RS00400, LBJ_0073
LBJ_RS00405, LBJ_0074
LBJ_RS00410, LBJ_0075
LBJ_RS00415, LBJ_0076
LBJ_RS00425, LBJ_0077
LBJ_RS00430, LBJ_0078
LBJ_RS00435, LBJ_0079
LBJ_RS00440, LBJ_0080
LBJ_RS00445, LBJ_0081
LBJ_RS00450, LBJ_0082
LBJ_RS00455, LBJ_0083
LBJ_RS00460, LBJ_0084
LBJ_RS21080
LBJ_RS00470
LBJ_RS18130
LBJ_RS00475, LBJ_0085
LBJ_RS00480
LBJ_RS00485, LBJ_0086
LBJ_RS00490
LBJ_RS00495, LBJ_0088
LBJ_RS18140, LBJ_0089
LBJ_RS00505, LBJ_0090
LBJ_RS00510, LBJ_0091
LBJ_RS00520, LBJ_0092
LBJ_RS00525, LBJ_0093
LBJ_RS00530, LBJ_0094
LBJ_RS00535, LBJ_0095
LBJ_RS00540, LBJ_0096
LBJ_RS00545, LBJ_0097
LBJ_RS00550, LBJ_0098
LBJ_RS00555, LBJ_0099
LBJ_RS00565, LBJ_0100
LBJ_RS00570, LBJ_0101
LBJ_RS00575, LBJ_0102
LBJ_RS00580, LBJ_0103
LBJ_RS00585, LBJ_0104
LBJ_RS00590, LBJ_0105
LBJ_RS00595, LBJ_0106
LBJ_RS00600, LBJ_0107
LBJ_RS00605, LBJ_0108
LBJ_RS00610, LBJ_0109
LBJ_RS00615, LBJ_0110
LBJ_RS00620, LBJ_0111
LBJ_RS00625, LBJ_0112
LBJ_RS21085
LBJ_RS00640, LBJ_0114
LBJ_RS00645, LBJ_0115
LBJ_RS00650, LBJ_0116
LBJ_RS00655, LBJ_0117
LBJ_RS00660, LBJ_0118
LBJ_RS00665, LBJ_0119
LBJ_RS00670, LBJ_0120
LBJ_RS00675, LBJ_0121
LBJ_RS00680, LBJ_0122
LBJ_RS00685, LBJ_0123
LBJ_RS00690, LBJ_0124
LBJ_RS00695, LBJ_0125
LBJ_RS00700, LBJ_0126
LBJ_RS00705, LBJ_0127
LBJ_RS00710, LBJ_0128
LBJ_RS00715, LBJ_0129
LBJ_RS00720, LBJ_0130
LBJ_RS00725, LBJ_0131
LBJ_RS00730, LBJ_0132
LBJ_RS00735, LBJ_0133
LBJ_RS00740, LBJ_0134
LBJ_RS00750, LBJ_0135
LBJ_RS00755, LBJ_0136
LBJ_RS00760, LBJ_0137
LBJ_RS00765, LBJ_0138
LBJ_RS18170
LBJ_RS21090
LBJ_RS21095
LBJ_RS00795, LBJ_0143
LBJ_RS20050
LBJ_RS00800, LBJ_0144
LBJ_RS00805, LBJ_0145
LBJ_RS18180
LBJ_RS18185, LBJ_0146
LBJ_RS00815, LBJ_0147
LBJ_RS00820, LBJ_0148
LBJ_RS00825, LBJ_0149
LBJ_RS00830, LBJ_0151
LBJ_RS00835
LBJ_RS00845, LBJ_0152
LBJ_RS00850, LBJ_0153
LBJ_RS00855, LBJ_0154
LBJ_RS18200
LBJ_RS00860, LBJ_0155
LBJ_RS21100, LBJ_0156
LBJ_RS00870, LBJ_0157
LBJ_RS18210
LBJ_RS00875, LBJ_0158
LBJ_RS00880, LBJ_0159
LBJ_RS00885, LBJ_0160
LBJ_RS00890, LBJ_0161
LBJ_RS00895, LBJ_0162
LBJ_RS00900, LBJ_0163
LBJ_RS00905, LBJ_0164
LBJ_RS00910, LBJ_0165
LBJ_RS00915, LBJ_0166
LBJ_RS00920, LBJ_0167
LBJ_RS00925, LBJ_0168
LBJ_RS00930, LBJ_0169
LBJ_RS00935, LBJ_0170
LBJ_RS00940, LBJ_0171
LBJ_RS00945, LBJ_0172
LBJ_RS00950, LBJ_0173
LBJ_RS00955, LBJ_0174
LBJ_RS00965, LBJ_0175
LBJ_RS00970, LBJ_0176
LBJ_RS00975, LBJ_0177
LBJ_RS00980, LBJ_0178
LBJ_RS20065
LBJ_RS00990, LBJ_0179
LBJ_RS00995, LBJ_0180
LBJ_RS01000, LBJ_0181
LBJ_RS01010, LBJ_0182
LBJ_RS01015, LBJ_0183
LBJ_RS01020, LBJ_0184
LBJ_RS01025, LBJ_0185
LBJ_RS01030, LBJ_0186
LBJ_RS01035, LBJ_0187
LBJ_RS01040, LBJ_0188
LBJ_RS01045, LBJ_0189
LBJ_RS01050, LBJ_0190
LBJ_RS20075, LBJ_0191
LBJ_RS01055, LBJ_0192
LBJ_RS01060, LBJ_0193
LBJ_RS01065, LBJ_0194
LBJ_RS01070, LBJ_0195
LBJ_RS01075, LBJ_0196
LBJ_RS01080, LBJ_0197
LBJ_RS01090, LBJ_0198
LBJ_RS01095, LBJ_0199
LBJ_RS01100, LBJ_0200
LBJ_RS01105, LBJ_0201
LBJ_RS01110, LBJ_0202
LBJ_RS01115, LBJ_0203
LBJ_RS01120, LBJ_0204
LBJ_RS01125, LBJ_0205
LBJ_RS01130, LBJ_0206
LBJ_RS01135, LBJ_0207
LBJ_RS01140, LBJ_0208
LBJ_RS01145, LBJ_0209
LBJ_RS01150, LBJ_0210
LBJ_RS01155, LBJ_0211
LBJ_RS01160, LBJ_0212
LBJ_RS01165, LBJ_0213
LBJ_RS01170, LBJ_0214
LBJ_RS01175, LBJ_0215
LBJ_RS01180, LBJ_0216
LBJ_RS01185, LBJ_0217
LBJ_RS01190, LBJ_0218
LBJ_RS01195, LBJ_0219
LBJ_RS01200, LBJ_0220
LBJ_RS01205, LBJ_0221
LBJ_RS21105
LBJ_RS01210, LBJ_0222
LBJ_RS17990, LBJ_0223
LBJ_RS01220, LBJ_0224
LBJ_RS01225, LBJ_0225
LBJ_RS01230, LBJ_0226
LBJ_RS01235, LBJ_0227
LBJ_RS01240, LBJ_0228
LBJ_RS01245, LBJ_0229
LBJ_RS01250, LBJ_0230
LBJ_RS01255, LBJ_0231
LBJ_RS20745
LBJ_RS01260, LBJ_0232
LBJ_RS01265, LBJ_0233
LBJ_RS01270, LBJ_0234
LBJ_RS01280, LBJ_0235
LBJ_RS21695
LBJ_RS01285, LBJ_0236
LBJ_RS01290, LBJ_0237
LBJ_RS01295, LBJ_0238
LBJ_RS01300, LBJ_0239
LBJ_RS01305, LBJ_0240
LBJ_RS01310, LBJ_0241
LBJ_RS01315, LBJ_0242
LBJ_RS01320, LBJ_0243
LBJ_RS01325, LBJ_0244
LBJ_RS01330, LBJ_0245
LBJ_RS01335, LBJ_0246
LBJ_RS21700
LBJ_RS01340, LBJ_0247
LBJ_RS01350, LBJ_0248
LBJ_RS21110
LBJ_RS01360, LBJ_0250
LBJ_RS01365, LBJ_0251
LBJ_RS01370, LBJ_0252
LBJ_RS01375, LBJ_0253
LBJ_RS01380, LBJ_0254
LBJ_RS01385, LBJ_0255
LBJ_RS01390, LBJ_0256
LBJ_RS01395, LBJ_0257
LBJ_RS01400, LBJ_0258
LBJ_RS01405, LBJ_0259
LBJ_RS01410, LBJ_0260
LBJ_RS01415, LBJ_0261
LBJ_RS01420, LBJ_0262
LBJ_RS01425, LBJ_0263
LBJ_RS01430
LBJ_RS01440, LBJ_0264
LBJ_RS01445, LBJ_0265
LBJ_RS01450
LBJ_RS01455, LBJ_0266
LBJ_RS01460, LBJ_0267
LBJ_RS21705, LBJ_0268
LBJ_RS21710
LBJ_RS21715
LBJ_RS01475, LBJ_0270
LBJ_RS01480, LBJ_0271
LBJ_RS01485, LBJ_0272
LBJ_RS01490, LBJ_0273
LBJ_RS01495, LBJ_0274
LBJ_RS01500, LBJ_0275
LBJ_RS01505, LBJ_0276
LBJ_RS21720
LBJ_RS01515, LBJ_0277
LBJ_RS01520, LBJ_0278
LBJ_RS01540, LBJ_0280
LBJ_RS01545, LBJ_0281
LBJ_RS01550, LBJ_0282
LBJ_RS01555, LBJ_0283
LBJ_RS01560, LBJ_0284
LBJ_RS01565, LBJ_0285
LBJ_RS01570, LBJ_0286
LBJ_RS01575, LBJ_0287
LBJ_RS01580, LBJ_0288
LBJ_RS01585
LBJ_RS01590, LBJ_0289
LBJ_RS01595
LBJ_RS01600, LBJ_0290
LBJ_RS01605, LBJ_0291
LBJ_RS01610, LBJ_0292
LBJ_RS01615, LBJ_0293
LBJ_RS01620, LBJ_0294
LBJ_RS01625, LBJ_0295
LBJ_RS01630, LBJ_0296
LBJ_RS01635, LBJ_0297
LBJ_RS01640, LBJ_0298
LBJ_RS01645, LBJ_0299
LBJ_RS01655, LBJ_0300
LBJ_RS01660, LBJ_0302
LBJ_RS01665, LBJ_0303
LBJ_RS20855, LBJ_0304
LBJ_RS01675, LBJ_0305
LBJ_RS01690, LBJ_0306
LBJ_RS20105
LBJ_RS01700, LBJ_0307
LBJ_RS01705, LBJ_0308
LBJ_RS01710, LBJ_0309
LBJ_RS01715, LBJ_0310
LBJ_RS01720, LBJ_0311
LBJ_RS01725, LBJ_0312
LBJ_RS01730, LBJ_0313
LBJ_RS01735, LBJ_0314
LBJ_RS20860
LBJ_RS01745, LBJ_0315
LBJ_RS01750, LBJ_0316
LBJ_RS01755, LBJ_0317
LBJ_RS01760, LBJ_0318
LBJ_RS01765, LBJ_0319
LBJ_RS01770, LBJ_0320
LBJ_RS01775, LBJ_0321
LBJ_RS01780, LBJ_0322
LBJ_RS01790, LBJ_0323
LBJ_RS21725, LBJ_0324
LBJ_RS01795, LBJ_0325
LBJ_RS01800, LBJ_0326
LBJ_RS01805, LBJ_0327
LBJ_RS01810, LBJ_0328
LBJ_RS01815, LBJ_0329
LBJ_RS01820, LBJ_0330
LBJ_RS01825, LBJ_0331
LBJ_RS01830, LBJ_0332
LBJ_RS21125
LBJ_RS01840, LBJ_0333
LBJ_RS01845, LBJ_0334
LBJ_RS01850, LBJ_0335
LBJ_RS01855, LBJ_0336
LBJ_RS01860, LBJ_0337
LBJ_RS01865, LBJ_0338
LBJ_RS01875, LBJ_0339
LBJ_RS01880
LBJ_RS01885, LBJ_0340
LBJ_RS01890, LBJ_0341
LBJ_RS18285
LBJ_RS01895
LBJ_RS01900, LBJ_0342
LBJ_RS18290, LBJ_0343
LBJ_RS01915, LBJ_0344
LBJ_RS01920, LBJ_0345
LBJ_RS01925, LBJ_0346
LBJ_RS01930, LBJ_0347
LBJ_RS01935, LBJ_0348
LBJ_RS01940, LBJ_0350
LBJ_RS01945, LBJ_0351
LBJ_RS01950, LBJ_0352
LBJ_RS01955, LBJ_0353
LBJ_RS01960, LBJ_0354
LBJ_RS01970, LBJ_0355
LBJ_RS01980, LBJ_0356
LBJ_RS01985, LBJ_0357
LBJ_RS01990, LBJ_0358
LBJ_RS02000, LBJ_0359
LBJ_RS02005, LBJ_0360
LBJ_RS02010, LBJ_0361
LBJ_RS02015, LBJ_0362
LBJ_RS02020
LBJ_RS02025, LBJ_0364
LBJ_RS02030, LBJ_0365
LBJ_RS02035, LBJ_0366
LBJ_RS02040, LBJ_0367
LBJ_RS02045, LBJ_0368
LBJ_RS02050, LBJ_0369
LBJ_RS02055, LBJ_0370
LBJ_RS02060, LBJ_0371
LBJ_RS02065, LBJ_0372
LBJ_RS21130
LBJ_RS02070, LBJ_0373
LBJ_RS02080, LBJ_0375
LBJ_RS02085, LBJ_0376
LBJ_RS02090, LBJ_0377
LBJ_RS02095, LBJ_0378
LBJ_RS02100, LBJ_0379
LBJ_RS02105, LBJ_0380
LBJ_RS02110, LBJ_0381
LBJ_RS20865
LBJ_RS02115, LBJ_0382
LBJ_RS02120, LBJ_0383
LBJ_RS02125, LBJ_0384
LBJ_RS02130, LBJ_0385
LBJ_RS02135, LBJ_0386
LBJ_RS02140, LBJ_0387
LBJ_RS21730
LBJ_RS02150, LBJ_0388
LBJ_RS21735
LBJ_RS02160, LBJ_0389
LBJ_RS02165
LBJ_RS18325
LBJ_RS02170, LBJ_0390
LBJ_RS02175, LBJ_0391
LBJ_RS02180, LBJ_0392
LBJ_RS02185, LBJ_0393
LBJ_RS02190, LBJ_0394
LBJ_RS02195, LBJ_0395
LBJ_RS02200, LBJ_0396
LBJ_RS02205, LBJ_0397
LBJ_RS02210, LBJ_0398
LBJ_RS02215, LBJ_0399
LBJ_RS02220, LBJ_0400
LBJ_RS02225, LBJ_0401
LBJ_RS02230, LBJ_0402
LBJ_RS02235, LBJ_0403
LBJ_RS18335, LBJ_0404
LBJ_RS02250, LBJ_0405
LBJ_RS02255, LBJ_0406
LBJ_RS02260, LBJ_0407
LBJ_RS02265, LBJ_0408
LBJ_RS17995, LBJ_0409
LBJ_RS02275, LBJ_0410
LBJ_RS02280, LBJ_0411
LBJ_RS02285, LBJ_0412
LBJ_RS02290, LBJ_0413
LBJ_RS02295, LBJ_0414
LBJ_RS02300, LBJ_0415
LBJ_RS02305, LBJ_0416
LBJ_RS02310, LBJ_0417
LBJ_RS02315, LBJ_0418
LBJ_RS02320, LBJ_0419
LBJ_RS02325, LBJ_0420
LBJ_RS02330, LBJ_0421
LBJ_RS20125, LBJ_0423
LBJ_RS02350, LBJ_0426
LBJ_RS02365, LBJ_0428
LBJ_RS02370, LBJ_0429
LBJ_RS02375, LBJ_0430
LBJ_RS02385, LBJ_0431
LBJ_RS02390, LBJ_0432
LBJ_RS02395, LBJ_0433
LBJ_RS02400, LBJ_0434
LBJ_RS02405, LBJ_0435
LBJ_RS02410, LBJ_0436
LBJ_RS02415, LBJ_0437
LBJ_RS18370
LBJ_RS02435, LBJ_0441
LBJ_RS02445
LBJ_RS02450, LBJ_0442
LBJ_RS18375
LBJ_RS02460, LBJ_0444
LBJ_RS02465, LBJ_0445
LBJ_RS02470, LBJ_0446
LBJ_RS18380, LBJ_0447
LBJ_RS02485, LBJ_0448
LBJ_RS02490, LBJ_0449
LBJ_RS02495, LBJ_0450
LBJ_RS21740
LBJ_RS02505, LBJ_0451
LBJ_RS02510, LBJ_0452
LBJ_RS02515, LBJ_0453
LBJ_RS02520, LBJ_0454
LBJ_RS02530, LBJ_0455
LBJ_RS02535, LBJ_0456
LBJ_RS02540, LBJ_0458
LBJ_RS02545, LBJ_0459
LBJ_RS02555, LBJ_0460
LBJ_RS21745
LBJ_RS02575, LBJ_0461
LBJ_RS02580, LBJ_0462
LBJ_RS02585, LBJ_0463
LBJ_RS02590, LBJ_0464
LBJ_RS02595, LBJ_0465
LBJ_RS02600, LBJ_0466
LBJ_RS02605, LBJ_0467
LBJ_RS02615, LBJ_0468
LBJ_RS02620, LBJ_0469
LBJ_RS02625, LBJ_0470
LBJ_RS02630, LBJ_0471
LBJ_RS02635, LBJ_0472
LBJ_RS02640, LBJ_0473
LBJ_RS02645, LBJ_0474
LBJ_RS02650, LBJ_0475
LBJ_RS02655, LBJ_0476
LBJ_RS02660, LBJ_0477
LBJ_RS02665, LBJ_0478
LBJ_RS02670, LBJ_0479
LBJ_RS02675, LBJ_0480
LBJ_RS02680, LBJ_0481
LBJ_RS02685, LBJ_0482
LBJ_RS02690, LBJ_0483
LBJ_RS02695, LBJ_0484
LBJ_RS02700, LBJ_0485
LBJ_RS02705, LBJ_0486
LBJ_RS02710, LBJ_0487
LBJ_RS02715, LBJ_0488
LBJ_RS02720, LBJ_0489
LBJ_RS02725, LBJ_0490
LBJ_RS02730, LBJ_0491
LBJ_RS02735, LBJ_0492
LBJ_RS02740, LBJ_0493
LBJ_RS02745, LBJ_0494
LBJ_RS18405
LBJ_RS21750
LBJ_RS02765, LBJ_0497
LBJ_RS02770, LBJ_0498
LBJ_RS02775, LBJ_0499
LBJ_RS02780, LBJ_0500
LBJ_RS20765
LBJ_RS02790, LBJ_0501
LBJ_RS02795, LBJ_0502
LBJ_RS02800, LBJ_0503
LBJ_RS02805, LBJ_0504
LBJ_RS02810, LBJ_0505
LBJ_RS02815, LBJ_0506
LBJ_RS02820, LBJ_0507
LBJ_RS02825, LBJ_0508
LBJ_RS02830, LBJ_0509
LBJ_RS02835, LBJ_0510
LBJ_RS02840, LBJ_0511
LBJ_RS02845, LBJ_0512
LBJ_RS02855, LBJ_0513
LBJ_RS21145, LBJ_0514
LBJ_RS18415, LBJ_0515
LBJ_RS02870, LBJ_0516
LBJ_RS02875, LBJ_0517
LBJ_RS02880, LBJ_0518
LBJ_RS02885, LBJ_0519
LBJ_RS02895, LBJ_0520
LBJ_RS02900, LBJ_0521
LBJ_RS02910
LBJ_RS02915
LBJ_RS02920, LBJ_0522
LBJ_RS02925, LBJ_0523
LBJ_RS02935, LBJ_0524
LBJ_RS02940, LBJ_0525
LBJ_RS02945, LBJ_0526
LBJ_RS18430, LBJ_0527
LBJ_RS02965, LBJ_0528
LBJ_RS02970, LBJ_0529
LBJ_RS02975, LBJ_0530
LBJ_RS02980, LBJ_0531
LBJ_RS02985
LBJ_RS02990, LBJ_0532
LBJ_RS02995, LBJ_0533
LBJ_RS03000, LBJ_0534
LBJ_RS03005, LBJ_0535
LBJ_RS03010, LBJ_0536
LBJ_RS03015, LBJ_0537
LBJ_RS03020, LBJ_0538
LBJ_RS03025, LBJ_0539
LBJ_RS03035, LBJ_0541
LBJ_RS03040, LBJ_0543
LBJ_RS03045, LBJ_0544
LBJ_RS03050, LBJ_0545
LBJ_RS03055, LBJ_0546
LBJ_RS03060, LBJ_0547
LBJ_RS03065, LBJ_0548
LBJ_RS03070, LBJ_0549
LBJ_RS03075, LBJ_0550
LBJ_RS03080, LBJ_0551
LBJ_RS03085, LBJ_0552
LBJ_RS03090, LBJ_0553
LBJ_RS03095, LBJ_0554
LBJ_RS03100, LBJ_0555
LBJ_RS03105, LBJ_0556
LBJ_RS03110, LBJ_0557
LBJ_RS03115, LBJ_0558
LBJ_RS03120, LBJ_0559
LBJ_RS21755
LBJ_RS03125, LBJ_0560
LBJ_RS03130, LBJ_0561
LBJ_RS03135, LBJ_0562
LBJ_RS03140, LBJ_0563
LBJ_RS03145, LBJ_0564
LBJ_RS03150, LBJ_0565
LBJ_RS03155, LBJ_0566
LBJ_RS21150
LBJ_RS03165, LBJ_0567
LBJ_RS03170, LBJ_0568
LBJ_RS03175, LBJ_0569
LBJ_RS03180, LBJ_0570
LBJ_RS21760
LBJ_RS20770
LBJ_RS20775
LBJ_RS03200, LBJ_0573
LBJ_RS03205, LBJ_0574
LBJ_RS21155
LBJ_RS03220
LBJ_RS03230, LBJ_0576
LBJ_RS03235, LBJ_0577
LBJ_RS03245, LBJ_0578
LBJ_RS03250, LBJ_0579
LBJ_RS03255, LBJ_0580
LBJ_RS03260, LBJ_0581
LBJ_RS03265, LBJ_0582
LBJ_RS03270, LBJ_0583
LBJ_RS03280, LBJ_0584
LBJ_RS03285, LBJ_0585
LBJ_RS03290, LBJ_0586
LBJ_RS03295, LBJ_0587
LBJ_RS03300, LBJ_0588
LBJ_RS03305, LBJ_0589
LBJ_RS03310, LBJ_0590
LBJ_RS03315, LBJ_0591
LBJ_RS03320, LBJ_0592
LBJ_RS21160, LBJ_0593
LBJ_RS03330, LBJ_0594
LBJ_RS03335, LBJ_0595
LBJ_RS21765
LBJ_RS03345, LBJ_0596
LBJ_RS03350, LBJ_0597
LBJ_RS03355, LBJ_0598
LBJ_RS03360, LBJ_0599
LBJ_RS03365, LBJ_0600
LBJ_RS03370, LBJ_0601
LBJ_RS03375, LBJ_0602
LBJ_RS03380, LBJ_0603
LBJ_RS03385, LBJ_0604
LBJ_RS03390, LBJ_0605
LBJ_RS03395, LBJ_0606
LBJ_RS03400, LBJ_0607
LBJ_RS03405, LBJ_0608
LBJ_RS03415, LBJ_0609
LBJ_RS03420, LBJ_0610
LBJ_RS03425, LBJ_0611
LBJ_RS03430, LBJ_0612
LBJ_RS03435, LBJ_0613
LBJ_RS03440
LBJ_RS03445, LBJ_0614
LBJ_RS03450, LBJ_0615
LBJ_RS03455, LBJ_0616
LBJ_RS03460, LBJ_0617
LBJ_RS03465, LBJ_0618
LBJ_RS03475, LBJ_0619
LBJ_RS03480, LBJ_0620
LBJ_RS03490, LBJ_0621
LBJ_RS03495, LBJ_0622
LBJ_RS03500, LBJ_0623
LBJ_RS03505, LBJ_0624
LBJ_RS03510, LBJ_0625
LBJ_RS03515, LBJ_0626
LBJ_RS03520, LBJ_0627
LBJ_RS03525, LBJ_0628
LBJ_RS03530, LBJ_0629
LBJ_RS03535, LBJ_0630
LBJ_RS03540, LBJ_0631
LBJ_RS03545, LBJ_0632
LBJ_RS03550, LBJ_0633
LBJ_RS03555, LBJ_0634
LBJ_RS21165, LBJ_0635
LBJ_RS20780
LBJ_RS03565, LBJ_0636
LBJ_RS03570, LBJ_0637
LBJ_RS03575, LBJ_0638
LBJ_RS03580, LBJ_0639
LBJ_RS03585, LBJ_0640
LBJ_RS03590, LBJ_0641
LBJ_RS03595, LBJ_0642
LBJ_RS03600, LBJ_0643
LBJ_RS03605, LBJ_0644
LBJ_RS03610, LBJ_0645
LBJ_RS21770
LBJ_RS03615, LBJ_0646
LBJ_RS03620, LBJ_0647
LBJ_RS03625, LBJ_0648
LBJ_RS03630, LBJ_0649
LBJ_RS03635, LBJ_0650
LBJ_RS03640, LBJ_0651
LBJ_RS03645, LBJ_0652
LBJ_RS03650, LBJ_0653
LBJ_RS03655, LBJ_0654
LBJ_RS03660, LBJ_0655
LBJ_RS03670, LBJ_0656
LBJ_RS03675, LBJ_0657
LBJ_RS03680, LBJ_0658
LBJ_RS03685, LBJ_0659
LBJ_RS03690, LBJ_0660
LBJ_RS03695, LBJ_0661
LBJ_RS03700, LBJ_0662
LBJ_RS03705, LBJ_0663
LBJ_RS03710, LBJ_0664
LBJ_RS03715, LBJ_0665
LBJ_RS03725, LBJ_0666
LBJ_RS03730, LBJ_0667
LBJ_RS03735, LBJ_0668
LBJ_RS03740, LBJ_0669
LBJ_RS03745, LBJ_0670
LBJ_RS03750, LBJ_0671
LBJ_RS03755, LBJ_0672
LBJ_RS03765, LBJ_0673
LBJ_RS03770, LBJ_0674
LBJ_RS03775, LBJ_0675
LBJ_RS03780, LBJ_0676
LBJ_RS03785, LBJ_0677
LBJ_RS03790, LBJ_0678
LBJ_RS03795, LBJ_0679
LBJ_RS03800, LBJ_0680
LBJ_RS03805, LBJ_0681
LBJ_RS03810, LBJ_0682
LBJ_RS03815, LBJ_0683
LBJ_RS03820, LBJ_0684
LBJ_RS03825, LBJ_0685
LBJ_RS03830, LBJ_0686
LBJ_RS03840, LBJ_0687
LBJ_RS03845, LBJ_0688
LBJ_RS03850, LBJ_0689
LBJ_RS03855, LBJ_0690
LBJ_RS03860, LBJ_0691
LBJ_RS03865, LBJ_0692
LBJ_RS03870, LBJ_0693
LBJ_RS03875, LBJ_0694
LBJ_RS03880, LBJ_0695
LBJ_RS03885, LBJ_0696
LBJ_RS03890, LBJ_0697
LBJ_RS03895, LBJ_0698
LBJ_RS03900, LBJ_0699
LBJ_RS03905, LBJ_0700
LBJ_RS03910, LBJ_0701
LBJ_RS03915, LBJ_0702
LBJ_RS03920, LBJ_0703
LBJ_RS03925, LBJ_0704
LBJ_RS03930, LBJ_0705
LBJ_RS03935, LBJ_0706
LBJ_RS03940, LBJ_0707
LBJ_RS03945, LBJ_0708
LBJ_RS03950, LBJ_0709
LBJ_RS03955, LBJ_0710
LBJ_RS03960, LBJ_0711
LBJ_RS03965, LBJ_0712
LBJ_RS03970, LBJ_0713
LBJ_RS03975, LBJ_0714
LBJ_RS03980, LBJ_0715
LBJ_RS03985, LBJ_0716
LBJ_RS03990, LBJ_0717
LBJ_RS03995, LBJ_0718
LBJ_RS04000, LBJ_0719
LBJ_RS04005, LBJ_0720
LBJ_RS04010, LBJ_0721
LBJ_RS04025, LBJ_0722
LBJ_RS04030, LBJ_0723
LBJ_RS04035, LBJ_0724
LBJ_RS04040, LBJ_0725
LBJ_RS04045, LBJ_0726
LBJ_RS04050, LBJ_0727
LBJ_RS04055, LBJ_0728
LBJ_RS04060, LBJ_0729
LBJ_RS21775
LBJ_RS04070, LBJ_0730
LBJ_RS04075, LBJ_0731
LBJ_RS04080, LBJ_0732
LBJ_RS04085, LBJ_0733
LBJ_RS04090, LBJ_0734
LBJ_RS04100, LBJ_0736
LBJ_RS04105, LBJ_0737
LBJ_RS04110, LBJ_4264
LBJ_RS21780
LBJ_RS04120
LBJ_RS21785
LBJ_RS04130, LBJ_0738
LBJ_RS18570, LBJ_0739
LBJ_RS04145, LBJ_0740
LBJ_RS04150, LBJ_0741
LBJ_RS04155, LBJ_0742
LBJ_RS21790
LBJ_RS04170, LBJ_0743
LBJ_RS04175, LBJ_0744
LBJ_RS04180, LBJ_0745
LBJ_RS04185, LBJ_0746
LBJ_RS04190, LBJ_0747
LBJ_RS18590
LBJ_RS04195, LBJ_0748
LBJ_RS04200, LBJ_0749
LBJ_RS21175, LBJ_0750
LBJ_RS04210, LBJ_0751
LBJ_RS04215, LBJ_0752
LBJ_RS04220, LBJ_0753
LBJ_RS04225, LBJ_0754
LBJ_RS04230, LBJ_0755
LBJ_RS04235, LBJ_0756
LBJ_RS04240, LBJ_0757
LBJ_RS04245, LBJ_0758
LBJ_RS04250, LBJ_0759
LBJ_RS04255, LBJ_0760
LBJ_RS04260, LBJ_0761
LBJ_RS04265, LBJ_0762
LBJ_RS04270, LBJ_0763
LBJ_RS04275, LBJ_0764
LBJ_RS04280, LBJ_0765
LBJ_RS04285, LBJ_0766
LBJ_RS04290, LBJ_0767
LBJ_RS04295, LBJ_0768
LBJ_RS04300, LBJ_0769
LBJ_RS04305, LBJ_0770
LBJ_RS04310, LBJ_0771
LBJ_RS04320, LBJ_0773
LBJ_RS04325, LBJ_0774
LBJ_RS04335, LBJ_0775
LBJ_RS21180
LBJ_RS21185
LBJ_RS04345, LBJ_0778
LBJ_RS04355, LBJ_0780
LBJ_RS04360, LBJ_0781
LBJ_RS04365, LBJ_0782
LBJ_RS04370, LBJ_0783
LBJ_RS04375, LBJ_0784
LBJ_RS04380, LBJ_0785
LBJ_RS04385, LBJ_0786
LBJ_RS04390, LBJ_0787
LBJ_RS04395, LBJ_0788
LBJ_RS04400, LBJ_0789
LBJ_RS04405, LBJ_0790
LBJ_RS04410, LBJ_0791
LBJ_RS04415, LBJ_0792
LBJ_RS04420, LBJ_0793
LBJ_RS04425, LBJ_0794
LBJ_RS04430, LBJ_0795
LBJ_RS04435, LBJ_0796
LBJ_RS04440, LBJ_0797
LBJ_RS04445, LBJ_0798
LBJ_RS21190
LBJ_RS04455, LBJ_0799
LBJ_RS04460, LBJ_0800
LBJ_RS04470, LBJ_0801
LBJ_RS04475, LBJ_0802
LBJ_RS04480, LBJ_0803
LBJ_RS04485, LBJ_0804
LBJ_RS04490, LBJ_0805
LBJ_RS04495, LBJ_0806
LBJ_RS04500, LBJ_0807
LBJ_RS04505, LBJ_0808
LBJ_RS04510, LBJ_0809
LBJ_RS04515, LBJ_0810
LBJ_RS04520, LBJ_0811
LBJ_RS04525, LBJ_0812
LBJ_RS21195
LBJ_RS04535, LBJ_0815
LBJ_RS21200, LBJ_0816
LBJ_RS04545, LBJ_0817
LBJ_RS04550, LBJ_0818
LBJ_RS04555, LBJ_0819
LBJ_RS04560, LBJ_0820
LBJ_RS04565, LBJ_0821
LBJ_RS04570, LBJ_0822
LBJ_RS04575, LBJ_0823
LBJ_RS04585, LBJ_0824
LBJ_RS21205, LBJ_0825
LBJ_RS04600, LBJ_0826
LBJ_RS04605, LBJ_0827
LBJ_RS04610, LBJ_0828
LBJ_RS04615, LBJ_0830
LBJ_RS04620, LBJ_0831
LBJ_RS04625, LBJ_0832
LBJ_RS21795, LBJ_0833
LBJ_RS04630, LBJ_0834
LBJ_RS04635, LBJ_0835
LBJ_RS04640, LBJ_0836
LBJ_RS04645, LBJ_0837
LBJ_RS04650, LBJ_0838
LBJ_RS04655, LBJ_0839
LBJ_RS04660, LBJ_0840
LBJ_RS04670, LBJ_0841
LBJ_RS04675, LBJ_0842
LBJ_RS04680, LBJ_0843
LBJ_RS04685, LBJ_0844
LBJ_RS20900
LBJ_RS04690, LBJ_0845
LBJ_RS04695, LBJ_0846
LBJ_RS04700, LBJ_0847
LBJ_RS04705, LBJ_0848
LBJ_RS04710, LBJ_0849
LBJ_RS20220
LBJ_RS21215
LBJ_RS21220
LBJ_RS04735, LBJ_0852
LBJ_RS18680
LBJ_RS04750, LBJ_0854
LBJ_RS04755, LBJ_0855
LBJ_RS04760, LBJ_0856
LBJ_RS04765, LBJ_0857
LBJ_RS04770, LBJ_0858
LBJ_RS21225, LBJ_0859
LBJ_RS04780, LBJ_0860
LBJ_RS04785, LBJ_0861
LBJ_RS04790
LBJ_RS04795, LBJ_0863
LBJ_RS04800
LBJ_RS04805, LBJ_0864
LBJ_RS21230
LBJ_RS04810, LBJ_0865
LBJ_RS04815, LBJ_0866
LBJ_RS04820, LBJ_0867
LBJ_RS04825, LBJ_0868
LBJ_RS04830, LBJ_0869
LBJ_RS04835, LBJ_0870
LBJ_RS04840, LBJ_0871
LBJ_RS04850, LBJ_0872
LBJ_RS04855, LBJ_0873
LBJ_RS04860, LBJ_0874
LBJ_RS04875, LBJ_0875
LBJ_RS04880, LBJ_0876
LBJ_RS04885, LBJ_0877
LBJ_RS04890, LBJ_0878
LBJ_RS04900, LBJ_0879
LBJ_RS04905, LBJ_0880
LBJ_RS04910, LBJ_0881
LBJ_RS18705
LBJ_RS04925, LBJ_0883
LBJ_RS04930, LBJ_0884
LBJ_RS04935, LBJ_0885
LBJ_RS04940, LBJ_0886
LBJ_RS04945, LBJ_0887
LBJ_RS04950, LBJ_0888
LBJ_RS04955, LBJ_0889
LBJ_RS04960, LBJ_0890
LBJ_RS04965, LBJ_0891
LBJ_RS04970, LBJ_0892
LBJ_RS04975, LBJ_0893
LBJ_RS04980, LBJ_0894
LBJ_RS04985, LBJ_0895
LBJ_RS04990, LBJ_0896
LBJ_RS04995, LBJ_0897
LBJ_RS05000, LBJ_0898
LBJ_RS05005, LBJ_0899
LBJ_RS05010, LBJ_0900
LBJ_RS05015, LBJ_0901
LBJ_RS05020, LBJ_0902
LBJ_RS05025, LBJ_0903
LBJ_RS05030, LBJ_0904
LBJ_RS05035, LBJ_0905
LBJ_RS05040, LBJ_0906
LBJ_RS05045, LBJ_0907
LBJ_RS05050, LBJ_0908
LBJ_RS05055, LBJ_0909
LBJ_RS05060, LBJ_0910
LBJ_RS05065, LBJ_0911
LBJ_RS05070, LBJ_0912
LBJ_RS05075, LBJ_0913
LBJ_RS05080, LBJ_0914
LBJ_RS05085, LBJ_0915
LBJ_RS05090, LBJ_0916
LBJ_RS05095, LBJ_0917
LBJ_RS05100, LBJ_0918
LBJ_RS05105, LBJ_0919
LBJ_RS05110, LBJ_0920
LBJ_RS05115, LBJ_0921
LBJ_RS05120, LBJ_0922
LBJ_RS05125, LBJ_0923
LBJ_RS05130, LBJ_0924
LBJ_RS05135, LBJ_0925
LBJ_RS05140, LBJ_0926
LBJ_RS05145, LBJ_0927
LBJ_RS05150, LBJ_0928
LBJ_RS05155, LBJ_0929
LBJ_RS05160, LBJ_0930
LBJ_RS05165, LBJ_0931
LBJ_RS05170, LBJ_0932
LBJ_RS05175, LBJ_0933
LBJ_RS05180, LBJ_0934
LBJ_RS05185, LBJ_0935
LBJ_RS05190, LBJ_0936
LBJ_RS05195, LBJ_0937
LBJ_RS05200, LBJ_0938
LBJ_RS05210, LBJ_0939
LBJ_RS05215, LBJ_0940
LBJ_RS05220, LBJ_0941
LBJ_RS05225, LBJ_0942
LBJ_RS05230, LBJ_0943
LBJ_RS05235, LBJ_0944
LBJ_RS05240, LBJ_0945
LBJ_RS05245, LBJ_0946
LBJ_RS05250, LBJ_0947
LBJ_RS05255, LBJ_0948
LBJ_RS05260, LBJ_0949
LBJ_RS05265, LBJ_0950
LBJ_RS05270, LBJ_0951
LBJ_RS05280, LBJ_0953
LBJ_RS05285, LBJ_0954
LBJ_RS05290, LBJ_0955
LBJ_RS05295, LBJ_0956
LBJ_RS05300, LBJ_0957
LBJ_RS05305, LBJ_0958
LBJ_RS05310, LBJ_0959
LBJ_RS05315, LBJ_0960
LBJ_RS05320, LBJ_0961
LBJ_RS05325, LBJ_0962
LBJ_RS05330, LBJ_0963
LBJ_RS05335, LBJ_0964
LBJ_RS05340, LBJ_0965
LBJ_RS05345, LBJ_0966
LBJ_RS05350, LBJ_0967
LBJ_RS05355, LBJ_0968
LBJ_RS05365, LBJ_0969
LBJ_RS05370, LBJ_0970
LBJ_RS05375, LBJ_0971
LBJ_RS05385, LBJ_0972
LBJ_RS05390, LBJ_0973
LBJ_RS21800, LBJ_0974
LBJ_RS21805
LBJ_RS05425, LBJ_0976
LBJ_RS05430, LBJ_0977
LBJ_RS05435, LBJ_0978
LBJ_RS05440, LBJ_0979
LBJ_RS05445, LBJ_0980
LBJ_RS05450, LBJ_0981
LBJ_RS05460, LBJ_0982
LBJ_RS05465, LBJ_0983
LBJ_RS05470, LBJ_0984
LBJ_RS05475, LBJ_0985
LBJ_RS05480, LBJ_0986
LBJ_RS05485, LBJ_0987
LBJ_RS05490, LBJ_0988
LBJ_RS05495, LBJ_0989
LBJ_RS05500, LBJ_0990
LBJ_RS05505, LBJ_0991
LBJ_RS21810
LBJ_RS21815
LBJ_RS05520, LBJ_0992
LBJ_RS21240
LBJ_RS05530, LBJ_0995
LBJ_RS05535
LBJ_RS05540, LBJ_0996
LBJ_RS05545, LBJ_0997
LBJ_RS05550, LBJ_0998
LBJ_RS05555, LBJ_0999
LBJ_RS05560, LBJ_1000
LBJ_RS05565, LBJ_1001
LBJ_RS05570, LBJ_1002
LBJ_RS05575, LBJ_1003
LBJ_RS05585, LBJ_1004
LBJ_RS05590, LBJ_1005
LBJ_RS05595, LBJ_1006
LBJ_RS05600, LBJ_1007
LBJ_RS05605, LBJ_1008
LBJ_RS05615, LBJ_1009
LBJ_RS05620, LBJ_1010
LBJ_RS05625, LBJ_1011
LBJ_RS05630, LBJ_1012
LBJ_RS05635, LBJ_1013
LBJ_RS05645, LBJ_1014
LBJ_RS05650, LBJ_1015
LBJ_RS05655, LBJ_1016
LBJ_RS05660, LBJ_1017
LBJ_RS05665, LBJ_1018
LBJ_RS05670, LBJ_1019
LBJ_RS05675, LBJ_1020
LBJ_RS05680, LBJ_1021
LBJ_RS05685, LBJ_1022
LBJ_RS05690, LBJ_1023
LBJ_RS05695, LBJ_1024
LBJ_RS05700, LBJ_1025
LBJ_RS05705, LBJ_1026
LBJ_RS20250, LBJ_1027
LBJ_RS05715, LBJ_1028
LBJ_RS05720, LBJ_1029
LBJ_RS21245
LBJ_RS05725, LBJ_1030
LBJ_RS05730, LBJ_1031
LBJ_RS21820
LBJ_RS05735, LBJ_1032
LBJ_RS05740, LBJ_1033
LBJ_RS05745, LBJ_1034
LBJ_RS05750, LBJ_1035
LBJ_RS05755, LBJ_1036
LBJ_RS05760, LBJ_1037
LBJ_RS05765, LBJ_1038
LBJ_RS05770, LBJ_1039
LBJ_RS05775, LBJ_1040
LBJ_RS05780, LBJ_1041
LBJ_RS05785, LBJ_1042
LBJ_RS05790, LBJ_1043
LBJ_RS05800, LBJ_1044
LBJ_RS21250
LBJ_RS21255
LBJ_RS21260
LBJ_RS21265
LBJ_RS05825, LBJ_1049
LBJ_RS05830
LBJ_RS05835, LBJ_1051
LBJ_RS05840, LBJ_1052
LBJ_RS05845, LBJ_1053
LBJ_RS05855, LBJ_1054
LBJ_RS05860, LBJ_1055
LBJ_RS05865, LBJ_1056
LBJ_RS05870, LBJ_1057
LBJ_RS20265, LBJ_1058
LBJ_RS05885, LBJ_1059
LBJ_RS05890, LBJ_1060
LBJ_RS05895, LBJ_1061
LBJ_RS05900, LBJ_1062
LBJ_RS05905, LBJ_1064
LBJ_RS18800
LBJ_RS05925, LBJ_1065
LBJ_RS05930, LBJ_1066
LBJ_RS05935, LBJ_1067
LBJ_RS05940, LBJ_1068
LBJ_RS05945, LBJ_1069
LBJ_RS05950, LBJ_1070
LBJ_RS05955, LBJ_1071
LBJ_RS05960, LBJ_1072
LBJ_RS18805, LBJ_1073
LBJ_RS05970, LBJ_1074
LBJ_RS05975, LBJ_1075
LBJ_RS05980, LBJ_1076
LBJ_RS05985, LBJ_1077
LBJ_RS05990, LBJ_1078
LBJ_RS05995, LBJ_1079
LBJ_RS06000, LBJ_1080
LBJ_RS06005, LBJ_1081
LBJ_RS06010, LBJ_1082
LBJ_RS06015, LBJ_1083
LBJ_RS06020, LBJ_1084
LBJ_RS06025, LBJ_1085
LBJ_RS06030, LBJ_1086
LBJ_RS06035
LBJ_RS06040, LBJ_1087
LBJ_RS06045, LBJ_1088
LBJ_RS06050, LBJ_1090
LBJ_RS21270, LBJ_1091
LBJ_RS06065, LBJ_1092
LBJ_RS21275
LBJ_RS21280
LBJ_RS21285
LBJ_RS06080, LBJ_1096
LBJ_RS06085, LBJ_1097
LBJ_RS06090, LBJ_1098
LBJ_RS06095, LBJ_1099
LBJ_RS06105, LBJ_1100
LBJ_RS06110, LBJ_1101
LBJ_RS06115, LBJ_1102
LBJ_RS06120, LBJ_1103
LBJ_RS06125, LBJ_1104
LBJ_RS06130, LBJ_1105
LBJ_RS06135, LBJ_1106
LBJ_RS06140, LBJ_1107
LBJ_RS06145, LBJ_1108
LBJ_RS06150, LBJ_1109
LBJ_RS06155, LBJ_1110
LBJ_RS06160, LBJ_1111
LBJ_RS06165, LBJ_1112
LBJ_RS06170, LBJ_1113
LBJ_RS06175, LBJ_1114
LBJ_RS06180, LBJ_1115
LBJ_RS06185, LBJ_1116
LBJ_RS06190, LBJ_1117
LBJ_RS06195, LBJ_1118
LBJ_RS06200, LBJ_1119
LBJ_RS06205, LBJ_1120
LBJ_RS06210, LBJ_1121
LBJ_RS06215, LBJ_1122
LBJ_RS06220, LBJ_1123
LBJ_RS06225, LBJ_1124
LBJ_RS06230, LBJ_1125
LBJ_RS06235, LBJ_1126
LBJ_RS06240, LBJ_1127
LBJ_RS06245, LBJ_1128
LBJ_RS06250, LBJ_1129
LBJ_RS06255, LBJ_1130
LBJ_RS06260, LBJ_1131
LBJ_RS06265, LBJ_1132
LBJ_RS06270, LBJ_1133
LBJ_RS21825, LBJ_1134
LBJ_RS06285, LBJ_1135
LBJ_RS06290, LBJ_1136
LBJ_RS06295, LBJ_1137
LBJ_RS06300, LBJ_1138
LBJ_RS06305, LBJ_1139
LBJ_RS06310, LBJ_1140
LBJ_RS06315, LBJ_1141
LBJ_RS06320, LBJ_1142
LBJ_RS06325, LBJ_1143
LBJ_RS06330, LBJ_1144
LBJ_RS06335, LBJ_1145
LBJ_RS06340, LBJ_1146
LBJ_RS06350, LBJ_1147
LBJ_RS06355, LBJ_1148
LBJ_RS06360, LBJ_1149
LBJ_RS06365, LBJ_1150
LBJ_RS06370, LBJ_1151
LBJ_RS06375, LBJ_1152
LBJ_RS06380, LBJ_1153
LBJ_RS06385, LBJ_1154
LBJ_RS06390, LBJ_1155
LBJ_RS06395, LBJ_1156
LBJ_RS06400, LBJ_1157
LBJ_RS06405, LBJ_1158
LBJ_RS06410, LBJ_1159
LBJ_RS06415, LBJ_1160
LBJ_RS06420, LBJ_1161
LBJ_RS06425, LBJ_1162
LBJ_RS06430, LBJ_1163
LBJ_RS06435, LBJ_1164
LBJ_RS06440, LBJ_1165
LBJ_RS06445, LBJ_1166
LBJ_RS06450, LBJ_1167
LBJ_RS06455, LBJ_1168
LBJ_RS20275
LBJ_RS21290
LBJ_RS21295
LBJ_RS21300
LBJ_RS21305
LBJ_RS21310
LBJ_RS06475, LBJ_1172
LBJ_RS06480, LBJ_1173
LBJ_RS06485, LBJ_1174
LBJ_RS06490, LBJ_1175
LBJ_RS06495, LBJ_1176
LBJ_RS06500, LBJ_1177
LBJ_RS06505, LBJ_1178
LBJ_RS06510, LBJ_1179
LBJ_RS06520, LBJ_1180
LBJ_RS06525, LBJ_1181
LBJ_RS06530, LBJ_1182
LBJ_RS06535, LBJ_1183
LBJ_RS06540, LBJ_1184
LBJ_RS06545, LBJ_1185
LBJ_RS06550, LBJ_1186
LBJ_RS06555, LBJ_1187
LBJ_RS06560, LBJ_1188
LBJ_RS21315
LBJ_RS06565, LBJ_1189
LBJ_RS06570, LBJ_1190
LBJ_RS20910
LBJ_RS06580, LBJ_1192
LBJ_RS06585, LBJ_1193
LBJ_RS06590, LBJ_1194
LBJ_RS06595, LBJ_1195
LBJ_RS06600, LBJ_1196
LBJ_RS06605, LBJ_1197
LBJ_RS06610, LBJ_1198
LBJ_RS06615, LBJ_1199
LBJ_RS06620, LBJ_1200
LBJ_RS06625, LBJ_1201
LBJ_RS06630, LBJ_1202
LBJ_RS06635, LBJ_1203
LBJ_RS06645, LBJ_1204
LBJ_RS06650, LBJ_1205
LBJ_RS06655, LBJ_1206
LBJ_RS06660, LBJ_1207
LBJ_RS06670, LBJ_1209
LBJ_RS06675, LBJ_1210
LBJ_RS06680, LBJ_1211
LBJ_RS21320
LBJ_RS06690, LBJ_1212
LBJ_RS06695, LBJ_1213
LBJ_RS06700, LBJ_1214
LBJ_RS06705, LBJ_1215
LBJ_RS06710, LBJ_1216
LBJ_RS06715, LBJ_1217
LBJ_RS06720, LBJ_1218
LBJ_RS06725, LBJ_1219
LBJ_RS06730, LBJ_1220
LBJ_RS06735, LBJ_1221
LBJ_RS06740, LBJ_1222
LBJ_RS06745, LBJ_1223
LBJ_RS06750, LBJ_1224
LBJ_RS06755, LBJ_1225
LBJ_RS06765, LBJ_1226
LBJ_RS06770, LBJ_1227
LBJ_RS06775, LBJ_1228
LBJ_RS06780, LBJ_1229
LBJ_RS06785, LBJ_1230
LBJ_RS06790, LBJ_1231
LBJ_RS06795, LBJ_1232
LBJ_RS06800, LBJ_1233
LBJ_RS06805, LBJ_1234
LBJ_RS06810, LBJ_1235
LBJ_RS06815, LBJ_1236
LBJ_RS06820, LBJ_1237
LBJ_RS06825, LBJ_1238
LBJ_RS06830, LBJ_1239
LBJ_RS06835, LBJ_1240
LBJ_RS21325, LBJ_1241
LBJ_RS06875, LBJ_1244
LBJ_RS06880, LBJ_1245
LBJ_RS06885, LBJ_1246
LBJ_RS06890, LBJ_1247
LBJ_RS06900, LBJ_1248
LBJ_RS06905, LBJ_1249
LBJ_RS06910, LBJ_1250
LBJ_RS06915, LBJ_1251
LBJ_RS06920, LBJ_1252
LBJ_RS06925, LBJ_1253
LBJ_RS06930, LBJ_1254
LBJ_RS06940, LBJ_1255
LBJ_RS06945, LBJ_1256
LBJ_RS06950
LBJ_RS21330
LBJ_RS21335
LBJ_RS21340
LBJ_RS21345
LBJ_RS06985, LBJ_1259
LBJ_RS06990, LBJ_1260
LBJ_RS06995, LBJ_1261
LBJ_RS07000, LBJ_1262
LBJ_RS07005, LBJ_1263
LBJ_RS07010, LBJ_1265
LBJ_RS07020, LBJ_1266
LBJ_RS20295, LBJ_1267
LBJ_RS18885
LBJ_RS07035, LBJ_1269
LBJ_RS20300
LBJ_RS21350
LBJ_RS07050, LBJ_1270
LBJ_RS07055, LBJ_1271
LBJ_RS07060, LBJ_1272
LBJ_RS07065, LBJ_1273
LBJ_RS07070, LBJ_1274
LBJ_RS07075, LBJ_1275
LBJ_RS07080, LBJ_1276
LBJ_RS07085, LBJ_1277
LBJ_RS07090, LBJ_1278
LBJ_RS07095, LBJ_1279
LBJ_RS07100, LBJ_1280
LBJ_RS07105, LBJ_1281
LBJ_RS07110, LBJ_1282
LBJ_RS07115, LBJ_1283
LBJ_RS07120, LBJ_1284
LBJ_RS07125, LBJ_1285
LBJ_RS07130, LBJ_1286
LBJ_RS07135, LBJ_1287
LBJ_RS07140, LBJ_1288
LBJ_RS07145, LBJ_1289
LBJ_RS07150, LBJ_1290
LBJ_RS07155, LBJ_1291
LBJ_RS07160, LBJ_1292
LBJ_RS07165, LBJ_1293
LBJ_RS07170, LBJ_1294
LBJ_RS07175, LBJ_1295
LBJ_RS07180, LBJ_1296
LBJ_RS07185, LBJ_1297
LBJ_RS07190, LBJ_1298
LBJ_RS07195, LBJ_1299
LBJ_RS07200, LBJ_1300
LBJ_RS07205, LBJ_1301
LBJ_RS07210, LBJ_1302
LBJ_RS07215, LBJ_1303
LBJ_RS07220, LBJ_1304
LBJ_RS07225, LBJ_1305
LBJ_RS07230, LBJ_1306
LBJ_RS07235, LBJ_1307
LBJ_RS07240, LBJ_1308
LBJ_RS07245, LBJ_1309
LBJ_RS07250, LBJ_1310
LBJ_RS07255, LBJ_1311
LBJ_RS07260, LBJ_1312
LBJ_RS07265, LBJ_1313
LBJ_RS07270, LBJ_1314
LBJ_RS07275, LBJ_1315
LBJ_RS07285, LBJ_1316
LBJ_RS07290, LBJ_1317
LBJ_RS07295, LBJ_1318
LBJ_RS07300, LBJ_1319
LBJ_RS07310, LBJ_1320
LBJ_RS07315, LBJ_1321
LBJ_RS07320, LBJ_1322
LBJ_RS07325, LBJ_1323
LBJ_RS07330, LBJ_1324
LBJ_RS07335, LBJ_1325
LBJ_RS07340, LBJ_1326
LBJ_RS07345, LBJ_1327
LBJ_RS07350, LBJ_1328
LBJ_RS07355, LBJ_1329
LBJ_RS07360, LBJ_1330
LBJ_RS07365, LBJ_1331
LBJ_RS07370, LBJ_1332
LBJ_RS07375, LBJ_1333
LBJ_RS07380, LBJ_1334
LBJ_RS07385, LBJ_1335
LBJ_RS07390, LBJ_1336
LBJ_RS07395, LBJ_1337
LBJ_RS20310, LBJ_1338
LBJ_RS07410, LBJ_1339
LBJ_RS20315, LBJ_1340
LBJ_RS07425, LBJ_1341
LBJ_RS07430, LBJ_1342
LBJ_RS07435, LBJ_1343
LBJ_RS07440, LBJ_1344
LBJ_RS07445, LBJ_1345
LBJ_RS07450, LBJ_1346
LBJ_RS07455, LBJ_1347
LBJ_RS07460, LBJ_1348
LBJ_RS07465, LBJ_1349
LBJ_RS07470, LBJ_1350
LBJ_RS07475, LBJ_1351
LBJ_RS07480, LBJ_1352
LBJ_RS07485, LBJ_1353
LBJ_RS20935, LBJ_1354
LBJ_RS07495, LBJ_1355
LBJ_RS07500, LBJ_1356
LBJ_RS07505, LBJ_1357
LBJ_RS07510, LBJ_1358
LBJ_RS07515, LBJ_1359
LBJ_RS07525, LBJ_1360
LBJ_RS07530, LBJ_1361
LBJ_RS07535, LBJ_1362
LBJ_RS07540, LBJ_1363
LBJ_RS07545, LBJ_1364
LBJ_RS07550, LBJ_1365
LBJ_RS07555, LBJ_1366
LBJ_RS07560, LBJ_1367
LBJ_RS07565, LBJ_1368
LBJ_RS07570, LBJ_1369
LBJ_RS07575, LBJ_1370
LBJ_RS07580, LBJ_1371
LBJ_RS07585, LBJ_1372
LBJ_RS07590, LBJ_1373
LBJ_RS07595, LBJ_1374
LBJ_RS07600, LBJ_1375
LBJ_RS07605, LBJ_1376
LBJ_RS20940
LBJ_RS07615, LBJ_1377
LBJ_RS21360
LBJ_RS21365
LBJ_RS07630, LBJ_1380
LBJ_RS07635, LBJ_1381
LBJ_RS07640, LBJ_1382
LBJ_RS07645, LBJ_1383
LBJ_RS07650, LBJ_1384
LBJ_RS07655, LBJ_1385
LBJ_RS07660, LBJ_1386
LBJ_RS07665, LBJ_1387
LBJ_RS07670, LBJ_1388
LBJ_RS07675, LBJ_1389
LBJ_RS21370, LBJ_1390
LBJ_RS07685, LBJ_1391
LBJ_RS07690, LBJ_1392
LBJ_RS07695, LBJ_1393
LBJ_RS07700, LBJ_1394
LBJ_RS07705, LBJ_1395
LBJ_RS07710, LBJ_1396
LBJ_RS07715, LBJ_1397
LBJ_RS07720, LBJ_1398
LBJ_RS07725, LBJ_1399
LBJ_RS07730, LBJ_1400
LBJ_RS07735, LBJ_1401
LBJ_RS07740, LBJ_1402
LBJ_RS07745, LBJ_1403
LBJ_RS07750, LBJ_1404
LBJ_RS07755, LBJ_1405
LBJ_RS21375
LBJ_RS07765, LBJ_1407
LBJ_RS07775, LBJ_1408
LBJ_RS07780, LBJ_1410
LBJ_RS07785, LBJ_1411
LBJ_RS07790, LBJ_1412
LBJ_RS07795, LBJ_1413
LBJ_RS07800, LBJ_1414
LBJ_RS07805, LBJ_1415
LBJ_RS07810, LBJ_1416
LBJ_RS07815, LBJ_1417
LBJ_RS07820, LBJ_1418
LBJ_RS07825, LBJ_1419
LBJ_RS07830, LBJ_1420
LBJ_RS07835, LBJ_1421
LBJ_RS07840, LBJ_1422
LBJ_RS07845, LBJ_1423
LBJ_RS07850, LBJ_1424
LBJ_RS07855, LBJ_1425
LBJ_RS07860, LBJ_1426
LBJ_RS07865, LBJ_1427
LBJ_RS07870, LBJ_1428
LBJ_RS07875, LBJ_1429
LBJ_RS07880, LBJ_1430
LBJ_RS07885, LBJ_1431
LBJ_RS07890, LBJ_1432
LBJ_RS07895, LBJ_1433
LBJ_RS07900, LBJ_1434
LBJ_RS07905, LBJ_1435
LBJ_RS07910, LBJ_1436
LBJ_RS07915, LBJ_1437
LBJ_RS07920, LBJ_1438
LBJ_RS07925, LBJ_1439
LBJ_RS07930, LBJ_1440
LBJ_RS07935, LBJ_1441
LBJ_RS07940, LBJ_1442
LBJ_RS07945, LBJ_1443
LBJ_RS07950, LBJ_1444
LBJ_RS07955, LBJ_1445
LBJ_RS07960, LBJ_1446
LBJ_RS07965, LBJ_1447
LBJ_RS07970, LBJ_1448
LBJ_RS07975, LBJ_1449
LBJ_RS07980, LBJ_1450
LBJ_RS07985, LBJ_1451
LBJ_RS07990, LBJ_1452
LBJ_RS07995, LBJ_1453
LBJ_RS08000, LBJ_1454
LBJ_RS08005, LBJ_1455
LBJ_RS08010, LBJ_1456
LBJ_RS08015, LBJ_1457
LBJ_RS08020, LBJ_1458
LBJ_RS08025, LBJ_1459
LBJ_RS08030, LBJ_1460
LBJ_RS08035, LBJ_1461
LBJ_RS08040, LBJ_1462
LBJ_RS08045, LBJ_1463
LBJ_RS08050, LBJ_1464
LBJ_RS08055, LBJ_1465
LBJ_RS08060, LBJ_1466
LBJ_RS08065, LBJ_1467
LBJ_RS08070, LBJ_1468
LBJ_RS08075, LBJ_1469
LBJ_RS08080, LBJ_1470
LBJ_RS08085, LBJ_1471
LBJ_RS08090, LBJ_1472
LBJ_RS08100, LBJ_1473
LBJ_RS08105, LBJ_1474
LBJ_RS08110, LBJ_1475
LBJ_RS08115, LBJ_1476
LBJ_RS08120, LBJ_1477
LBJ_RS08125, LBJ_1478
LBJ_RS08130, LBJ_1479
LBJ_RS08135, LBJ_1480
LBJ_RS08140, LBJ_1481
LBJ_RS08145, LBJ_1482
LBJ_RS08150, LBJ_1483
LBJ_RS08155, LBJ_1484
LBJ_RS08160, LBJ_1485
LBJ_RS08165, LBJ_1486
LBJ_RS08170, LBJ_1487
LBJ_RS08175, LBJ_1488
LBJ_RS08180, LBJ_1489
LBJ_RS08185, LBJ_1490
LBJ_RS08190, LBJ_1491
LBJ_RS08195, LBJ_1492
LBJ_RS08200, LBJ_1493
LBJ_RS08205, LBJ_1494
LBJ_RS08210, LBJ_1495
LBJ_RS08215, LBJ_1496
LBJ_RS08220, LBJ_1497
LBJ_RS08225, LBJ_1498
LBJ_RS08235, LBJ_1499
LBJ_RS08240, LBJ_1500
LBJ_RS08245, LBJ_1501
LBJ_RS08250, LBJ_1502
LBJ_RS08255, LBJ_1503
LBJ_RS08260, LBJ_1504
LBJ_RS08265, LBJ_1505
LBJ_RS08270, LBJ_1506
LBJ_RS08275, LBJ_1507
LBJ_RS08280, LBJ_1508
LBJ_RS08285, LBJ_1509
LBJ_RS08290, LBJ_1510
LBJ_RS08295, LBJ_1511
LBJ_RS08300, LBJ_1512
LBJ_RS08305, LBJ_1513
LBJ_RS08310, LBJ_1514
LBJ_RS08315, LBJ_1515
LBJ_RS08320, LBJ_1516
LBJ_RS08325
LBJ_RS08330, LBJ_1519
LBJ_RS08335
LBJ_RS08340
LBJ_RS08345
LBJ_RS08350, LBJ_1520
LBJ_RS08355, LBJ_1521
LBJ_RS08360, LBJ_1522
LBJ_RS08365, LBJ_1523
LBJ_RS08370, LBJ_1524
LBJ_RS08375, LBJ_1525
LBJ_RS08380, LBJ_1526
LBJ_RS08385, LBJ_1527
LBJ_RS08390, LBJ_1528
LBJ_RS08395, LBJ_1529
LBJ_RS08400, LBJ_1530
LBJ_RS08405, LBJ_1531
LBJ_RS21380
LBJ_RS08410, LBJ_1532
LBJ_RS08415, LBJ_1533
LBJ_RS08420, LBJ_1534
LBJ_RS08425, LBJ_1535
LBJ_RS08430, LBJ_1536
LBJ_RS08435, LBJ_1537
LBJ_RS08440, LBJ_1538
LBJ_RS08445, LBJ_1539
LBJ_RS08450, LBJ_1540
LBJ_RS08455, LBJ_1541
LBJ_RS08460, LBJ_1542
LBJ_RS08465, LBJ_1543
LBJ_RS08470, LBJ_1544
LBJ_RS08475, LBJ_1545
LBJ_RS08480, LBJ_1546
LBJ_RS08485, LBJ_1547
LBJ_RS08490, LBJ_1548
LBJ_RS08495, LBJ_1549
LBJ_RS08500, LBJ_1550
LBJ_RS08505, LBJ_1551
LBJ_RS08510, LBJ_1552
LBJ_RS21385
LBJ_RS08515, LBJ_1553
LBJ_RS08520, LBJ_1554
LBJ_RS08525, LBJ_1555
LBJ_RS08530, LBJ_1556
LBJ_RS08535, LBJ_1557
LBJ_RS08540, LBJ_1558
LBJ_RS08545, LBJ_1559
LBJ_RS08550, LBJ_1560
LBJ_RS08555, LBJ_1561
LBJ_RS08560, LBJ_1562
LBJ_RS08565, LBJ_1563
LBJ_RS08570, LBJ_1564
LBJ_RS08575, LBJ_1565
LBJ_RS08580, LBJ_1566
LBJ_RS08585, LBJ_1567
LBJ_RS08590, LBJ_1568
LBJ_RS08595, LBJ_1569
LBJ_RS20365
LBJ_RS08610, LBJ_1570
LBJ_RS08615, LBJ_1571
LBJ_RS21390
LBJ_RS21395
LBJ_RS21400
LBJ_RS21405
LBJ_RS08630, LBJ_1574
LBJ_RS21410, LBJ_1575
LBJ_RS08655, LBJ_1576
LBJ_RS08660, LBJ_1577
LBJ_RS08665, LBJ_1578
LBJ_RS08670, LBJ_1579
LBJ_RS08675, LBJ_1580
LBJ_RS08680, LBJ_1581
LBJ_RS08685, LBJ_1582
LBJ_RS08690, LBJ_1583
LBJ_RS08695, LBJ_1584
LBJ_RS08700, LBJ_1585
LBJ_RS08705, LBJ_1586
LBJ_RS08710, LBJ_1587
LBJ_RS08715, LBJ_1588
LBJ_RS08720, LBJ_1589
LBJ_RS08725, LBJ_1590
LBJ_RS08735
LBJ_RS08740, LBJ_1591
LBJ_RS08745, LBJ_1592
LBJ_RS08750, LBJ_1593
LBJ_RS08755, LBJ_1594
LBJ_RS08760, LBJ_1595
LBJ_RS08770, LBJ_1596
LBJ_RS08775, LBJ_1597
LBJ_RS08780, LBJ_1598
LBJ_RS08785, LBJ_1599
LBJ_RS08790, LBJ_1600
LBJ_RS08795, LBJ_1601
LBJ_RS08800, LBJ_1602
LBJ_RS21415
LBJ_RS08820, LBJ_1604
LBJ_RS08825, LBJ_1605
LBJ_RS08835, LBJ_1606
LBJ_RS08840, LBJ_1607
LBJ_RS08845, LBJ_1608
LBJ_RS08850, LBJ_1609
LBJ_RS08855, LBJ_1611
LBJ_RS08860, LBJ_1612
LBJ_RS08865, LBJ_1613
LBJ_RS08870, LBJ_1614
LBJ_RS19025, LBJ_1615
LBJ_RS08880, LBJ_1616
LBJ_RS08885, LBJ_1617
LBJ_RS08890, LBJ_1618
LBJ_RS08895, LBJ_1619
LBJ_RS08900, LBJ_1620
LBJ_RS08905, LBJ_1621
LBJ_RS08910, LBJ_1622
LBJ_RS08915, LBJ_1623
LBJ_RS08920, LBJ_1624
LBJ_RS08925, LBJ_1625
LBJ_RS08930, LBJ_1626
LBJ_RS08935, LBJ_1627
LBJ_RS08940, LBJ_1628
LBJ_RS08945, LBJ_1629
LBJ_RS08950, LBJ_1630
LBJ_RS08955, LBJ_1631
LBJ_RS08960, LBJ_1632
LBJ_RS08965, LBJ_1633
LBJ_RS08970, LBJ_1634
LBJ_RS08975, LBJ_1635
LBJ_RS08980, LBJ_1636
LBJ_RS08985, LBJ_1637
LBJ_RS08990, LBJ_1638
LBJ_RS08995, LBJ_1639
LBJ_RS09005, LBJ_1640
LBJ_RS09010, LBJ_1641
LBJ_RS09020, LBJ_1642
LBJ_RS09025, LBJ_1643
LBJ_RS09030, LBJ_1644
LBJ_RS09035, LBJ_1645
LBJ_RS09040, LBJ_1646
LBJ_RS09045, LBJ_1647
LBJ_RS09055, LBJ_1648
LBJ_RS09060, LBJ_1649
LBJ_RS09065, LBJ_1650
LBJ_RS09070, LBJ_1651
LBJ_RS09075, LBJ_1652
LBJ_RS09080, LBJ_1653
LBJ_RS09085, LBJ_1654
LBJ_RS09090, LBJ_1655
LBJ_RS09095, LBJ_1656
LBJ_RS09100, LBJ_1658
LBJ_RS09105, LBJ_1659
LBJ_RS09110, LBJ_1660
LBJ_RS09115, LBJ_1661
LBJ_RS09120, LBJ_1662
LBJ_RS09125, LBJ_1663
LBJ_RS09130, LBJ_1664
LBJ_RS09135, LBJ_1665
LBJ_RS09140, LBJ_1666
LBJ_RS09145, LBJ_1667
LBJ_RS09150, LBJ_1668
LBJ_RS09155, LBJ_1669
LBJ_RS09160, LBJ_1670
LBJ_RS20385
LBJ_RS09170, LBJ_1671
LBJ_RS09175, LBJ_1672
LBJ_RS09180, LBJ_1673
LBJ_RS09185, LBJ_1674
LBJ_RS09190, LBJ_1675
LBJ_RS09195, LBJ_1676
LBJ_RS09200, LBJ_1678
LBJ_RS09205, LBJ_1679
LBJ_RS09210, LBJ_1680
LBJ_RS09215, LBJ_1681
LBJ_RS09220, LBJ_1682
LBJ_RS09225, LBJ_1683
LBJ_RS09230, LBJ_1684
LBJ_RS21830
LBJ_RS09240, LBJ_1685
LBJ_RS09245, LBJ_1686
LBJ_RS09255, LBJ_1688
LBJ_RS09260, LBJ_1689
LBJ_RS09265, LBJ_1690
LBJ_RS09270, LBJ_1691
LBJ_RS09275, LBJ_1692
LBJ_RS09280, LBJ_1693
LBJ_RS09285, LBJ_1694
LBJ_RS09290, LBJ_1695
LBJ_RS09295, LBJ_1696
LBJ_RS21420
LBJ_RS09300, LBJ_1697
LBJ_RS09305, LBJ_1698
LBJ_RS09310, LBJ_1699
LBJ_RS09315, LBJ_1700
LBJ_RS09320, LBJ_1701
LBJ_RS09325, LBJ_1702
LBJ_RS09330, LBJ_1703
LBJ_RS09335, LBJ_1704
LBJ_RS09340, LBJ_1705
LBJ_RS09345, LBJ_1706
LBJ_RS09350, LBJ_1707
LBJ_RS09355, LBJ_1708
LBJ_RS09360, LBJ_1709
LBJ_RS09370, LBJ_1710
LBJ_RS09375, LBJ_1711
LBJ_RS19060
LBJ_RS21835
LBJ_RS09385, LBJ_1712
LBJ_RS09390, LBJ_1713
LBJ_RS09395, LBJ_1714
LBJ_RS09400, LBJ_1715
LBJ_RS09405, LBJ_1716
LBJ_RS09410, LBJ_1717
LBJ_RS09415, LBJ_1718
LBJ_RS09420, LBJ_1719
LBJ_RS09425, LBJ_1720
LBJ_RS21425
LBJ_RS09435, LBJ_1721
LBJ_RS09440, LBJ_1722
LBJ_RS09450, LBJ_1723
LBJ_RS09455, LBJ_1724
LBJ_RS09460, LBJ_1725
LBJ_RS09465, LBJ_1726
LBJ_RS09470, LBJ_1727
LBJ_RS09475, LBJ_1728
LBJ_RS21840
LBJ_RS09485, LBJ_1729
LBJ_RS09490, LBJ_1730
LBJ_RS09495, LBJ_1731
LBJ_RS09500, LBJ_1732
LBJ_RS09505, LBJ_1733
LBJ_RS09510, LBJ_1734
LBJ_RS09520, LBJ_1735
LBJ_RS09525, LBJ_1736
LBJ_RS09530, LBJ_1737
LBJ_RS09535, LBJ_1738
LBJ_RS09540, LBJ_1739
LBJ_RS09545, LBJ_1740
LBJ_RS09550, LBJ_1741
LBJ_RS09555, LBJ_1742
LBJ_RS21845
LBJ_RS09565, LBJ_1743
LBJ_RS09575, LBJ_1745
LBJ_RS09580, LBJ_1746
LBJ_RS09590, LBJ_1747
LBJ_RS09595, LBJ_1748
LBJ_RS09600, LBJ_1749
LBJ_RS09605, LBJ_1750
LBJ_RS09610, LBJ_1751
LBJ_RS09615, LBJ_1752
LBJ_RS09620, LBJ_1753
LBJ_RS09625, LBJ_1754
LBJ_RS09630, LBJ_1755
LBJ_RS09635, LBJ_1756
LBJ_RS09640, LBJ_1757
LBJ_RS09645, LBJ_1758
LBJ_RS09650, LBJ_1759
LBJ_RS21850, LBJ_1760
LBJ_RS09660, LBJ_1761
LBJ_RS09665, LBJ_1762
LBJ_RS09670, LBJ_1763
LBJ_RS09675, LBJ_1764
LBJ_RS09680, LBJ_1765
LBJ_RS09685, LBJ_1766
LBJ_RS21445, LBJ_1767
LBJ_RS20945
LBJ_RS09695, LBJ_1768
LBJ_RS09700, LBJ_1769
LBJ_RS21450
LBJ_RS09715, LBJ_1770
LBJ_RS09720, LBJ_1771
LBJ_RS09725, LBJ_1772
LBJ_RS09730, LBJ_1773
LBJ_RS19100
LBJ_RS09740, LBJ_1775
LBJ_RS21855
LBJ_RS09755, LBJ_1776
LBJ_RS09765, LBJ_1777
LBJ_RS09770, LBJ_1778
LBJ_RS09775, LBJ_1779
LBJ_RS09780, LBJ_1780
LBJ_RS09790, LBJ_1781
LBJ_RS09795, LBJ_1782
LBJ_RS09800, LBJ_1783
LBJ_RS09805, LBJ_1784
LBJ_RS09810, LBJ_1785
LBJ_RS09815
LBJ_RS09820
LBJ_RS09825, LBJ_1787
LBJ_RS09830, LBJ_1788
LBJ_RS09835, LBJ_1789
LBJ_RS09840, LBJ_1790
LBJ_RS09845, LBJ_1791
LBJ_RS09850, LBJ_1792
LBJ_RS09855, LBJ_1793
LBJ_RS09860, LBJ_1794
LBJ_RS09865, LBJ_1795
LBJ_RS09870, LBJ_1796
LBJ_RS09880, LBJ_1797
LBJ_RS09885, LBJ_1799
LBJ_RS09890, LBJ_1800
LBJ_RS09895, LBJ_1801
LBJ_RS09900, LBJ_1802
LBJ_RS20950, LBJ_1803
LBJ_RS09910, LBJ_1804
LBJ_RS09915, LBJ_1805
LBJ_RS09920, LBJ_1806
LBJ_RS09925, LBJ_1807
LBJ_RS09930, LBJ_1808
LBJ_RS09935, LBJ_1809
LBJ_RS09940, LBJ_1810
LBJ_RS09945, LBJ_1811
LBJ_RS09950, LBJ_1812
LBJ_RS09955, LBJ_1813
LBJ_RS09960, LBJ_1814
LBJ_RS09965, LBJ_1815
LBJ_RS09970, LBJ_1816
LBJ_RS09975, LBJ_1817
LBJ_RS09980, LBJ_1818
LBJ_RS09985, LBJ_1819
LBJ_RS09990, LBJ_1820
LBJ_RS09995, LBJ_1821
LBJ_RS10000, LBJ_1822
LBJ_RS10005, LBJ_1823
LBJ_RS21460
LBJ_RS21465
LBJ_RS10015, LBJ_1825
LBJ_RS10020
LBJ_RS20410, LBJ_1826
LBJ_RS10035, LBJ_1828
LBJ_RS10040, LBJ_1829
LBJ_RS10045, LBJ_1830
LBJ_RS10050
LBJ_RS10060, LBJ_1831
LBJ_RS10065, LBJ_1832
LBJ_RS10070, LBJ_1833
LBJ_RS10080, LBJ_1834
LBJ_RS10085, LBJ_1836
LBJ_RS10095, LBJ_1837
LBJ_RS10100, LBJ_1838
LBJ_RS10105, LBJ_1839
LBJ_RS10115, LBJ_1840
LBJ_RS10120, LBJ_1841
LBJ_RS10125, LBJ_1842
LBJ_RS10130, LBJ_1843
LBJ_RS10135, LBJ_1844
LBJ_RS10140, LBJ_1845
LBJ_RS10145, LBJ_1846
LBJ_RS21860
LBJ_RS10150, LBJ_1847
LBJ_RS21865, LBJ_1848
LBJ_RS21870, LBJ_1849
LBJ_RS10165, LBJ_1850
LBJ_RS10170, LBJ_1851
LBJ_RS10175, LBJ_1852
LBJ_RS10180, LBJ_1853
LBJ_RS10185, LBJ_1854
LBJ_RS10190, LBJ_1855
LBJ_RS10195, LBJ_1856
LBJ_RS10200, LBJ_1857
LBJ_RS10205, LBJ_1858
LBJ_RS10210, LBJ_1859
LBJ_RS10215, LBJ_1860
LBJ_RS10220, LBJ_1861
LBJ_RS10225, LBJ_1862
LBJ_RS10230, LBJ_1863
LBJ_RS10235, LBJ_1864
LBJ_RS10240, LBJ_1865
LBJ_RS10245, LBJ_1866
LBJ_RS10250, LBJ_1867
LBJ_RS10255, LBJ_1868
LBJ_RS10260, LBJ_1869
LBJ_RS20960
LBJ_RS10265, LBJ_1870
LBJ_RS10270, LBJ_1871
LBJ_RS10275, LBJ_1872
LBJ_RS10280, LBJ_1873
LBJ_RS10285, LBJ_1874
LBJ_RS10290, LBJ_1875
LBJ_RS10295, LBJ_1876
LBJ_RS10300, LBJ_1877
LBJ_RS10305, LBJ_1878
LBJ_RS10310, LBJ_1879
LBJ_RS10315, LBJ_1880
LBJ_RS10320, LBJ_1881
LBJ_RS10325, LBJ_1882
LBJ_RS10330, LBJ_1883
LBJ_RS10335, LBJ_1884
LBJ_RS10340, LBJ_1885
LBJ_RS10345, LBJ_1886
LBJ_RS10350, LBJ_1887
LBJ_RS10355, LBJ_1888
LBJ_RS10360, LBJ_1889
LBJ_RS10365, LBJ_1890
LBJ_RS10370, LBJ_1891
LBJ_RS10375, LBJ_1892
LBJ_RS10380, LBJ_1893
LBJ_RS10385, LBJ_1894
LBJ_RS10390, LBJ_1895
LBJ_RS10395, LBJ_1896
LBJ_RS10400, LBJ_1897
LBJ_RS10405, LBJ_1898
LBJ_RS10410, LBJ_1899
LBJ_RS10415, LBJ_1900
LBJ_RS10420, LBJ_1901
LBJ_RS10425, LBJ_1902
LBJ_RS10430, LBJ_1903
LBJ_RS10435, LBJ_1904
LBJ_RS10440, LBJ_1905
LBJ_RS10445, LBJ_1906
LBJ_RS10450, LBJ_1907
LBJ_RS10455, LBJ_1908
LBJ_RS10460, LBJ_1909
LBJ_RS10465, LBJ_1910
LBJ_RS10470, LBJ_1911
LBJ_RS10475, LBJ_1912
LBJ_RS10480, LBJ_1913
LBJ_RS10485, LBJ_1914
LBJ_RS10490, LBJ_1915
LBJ_RS10495, LBJ_1916
LBJ_RS10500, LBJ_1917
LBJ_RS10505, LBJ_1918
LBJ_RS10510, LBJ_1919
LBJ_RS10515, LBJ_1920
LBJ_RS10520, LBJ_1921
LBJ_RS10525, LBJ_1922
LBJ_RS10530, LBJ_1923
LBJ_RS10535, LBJ_1924
LBJ_RS10540, LBJ_1925
LBJ_RS10545, LBJ_1926
LBJ_RS10550, LBJ_1927
LBJ_RS10555, LBJ_1928
LBJ_RS10560, LBJ_1929
LBJ_RS10565, LBJ_1930
LBJ_RS10570, LBJ_1931
LBJ_RS10575, LBJ_1932
LBJ_RS10580, LBJ_1933
LBJ_RS10585, LBJ_1934
LBJ_RS10590, LBJ_1935
LBJ_RS10595, LBJ_1936
LBJ_RS10600, LBJ_1937
LBJ_RS10605, LBJ_1938
LBJ_RS10610, LBJ_1939
LBJ_RS10615, LBJ_1940
LBJ_RS10620, LBJ_1941
LBJ_RS10625, LBJ_1942
LBJ_RS10630, LBJ_1943
LBJ_RS10635, LBJ_1944
LBJ_RS10640, LBJ_1945
LBJ_RS10645, LBJ_1946
LBJ_RS10650, LBJ_1947
LBJ_RS10655, LBJ_1948
LBJ_RS10660, LBJ_1949
LBJ_RS10665, LBJ_1950
LBJ_RS10670, LBJ_1951
LBJ_RS10675, LBJ_1952
LBJ_RS10680, LBJ_1953
LBJ_RS10685, LBJ_1954
LBJ_RS10690, LBJ_1955
LBJ_RS10695, LBJ_1956
LBJ_RS10700, LBJ_1957
LBJ_RS10705, LBJ_1958
LBJ_RS10710, LBJ_1959
LBJ_RS10715, LBJ_1960
LBJ_RS10725, LBJ_1961
LBJ_RS21875
LBJ_RS10735, LBJ_1962
LBJ_RS10740, LBJ_1963
LBJ_RS10745, LBJ_1964
LBJ_RS10750, LBJ_1965
LBJ_RS10755, LBJ_1966
LBJ_RS10760, LBJ_1967
LBJ_RS10765, LBJ_1968
LBJ_RS10770, LBJ_1969
LBJ_RS10775, LBJ_1970
LBJ_RS10785, LBJ_1971
LBJ_RS10790, LBJ_1972
LBJ_RS10795, LBJ_1973
LBJ_RS10805, LBJ_1974
LBJ_RS10810, LBJ_1976
LBJ_RS10815, LBJ_1977
LBJ_RS19155
LBJ_RS10820, LBJ_1979
LBJ_RS19160
LBJ_RS10830, LBJ_1980
LBJ_RS10840, LBJ_1981
LBJ_RS10845, LBJ_1982
LBJ_RS10850, LBJ_1983
LBJ_RS10855, LBJ_1984
LBJ_RS10860, LBJ_1985
LBJ_RS10865, LBJ_1986
LBJ_RS10870, LBJ_1987
LBJ_RS10875, LBJ_1988
LBJ_RS10880, LBJ_1989
LBJ_RS10890, LBJ_1990
LBJ_RS10895, LBJ_1991
LBJ_RS10905, LBJ_1992
LBJ_RS10910, LBJ_1993
LBJ_RS10920, LBJ_1994
LBJ_RS19175, LBJ_1995
LBJ_RS10940, LBJ_1996
LBJ_RS10945, LBJ_1997
LBJ_RS10950, LBJ_1998
LBJ_RS20425, LBJ_1999
LBJ_RS10960, LBJ_2000
LBJ_RS10965, LBJ_2001
LBJ_RS10970, LBJ_2002
LBJ_RS10975, LBJ_2003
LBJ_RS10980, LBJ_2004
LBJ_RS10985, LBJ_2005
LBJ_RS10990, LBJ_2006
LBJ_RS10995, LBJ_2007
LBJ_RS11000, LBJ_2008
LBJ_RS11005, LBJ_2009
LBJ_RS11010, LBJ_2010
LBJ_RS11015, LBJ_2011
LBJ_RS11025, LBJ_2012
LBJ_RS21475
LBJ_RS21480
LBJ_RS21485
LBJ_RS19200
LBJ_RS11040, LBJ_2015
LBJ_RS11045, LBJ_2016
LBJ_RS11055, LBJ_2018
LBJ_RS11060, LBJ_2019
LBJ_RS11065, LBJ_2020
LBJ_RS11070, LBJ_2021
LBJ_RS11075, LBJ_2022
LBJ_RS11080, LBJ_2023
LBJ_RS11090, LBJ_2024
LBJ_RS11095, LBJ_2025
LBJ_RS11100, LBJ_2026
LBJ_RS11105, LBJ_2027
LBJ_RS11110, LBJ_2028
LBJ_RS21490, LBJ_2029
LBJ_RS11115, LBJ_2030
LBJ_RS11120, LBJ_2031
LBJ_RS11125, LBJ_2032
LBJ_RS20445, LBJ_2033
LBJ_RS21880
LBJ_RS20450
LBJ_RS11140, LBJ_2034
LBJ_RS19230, LBJ_2035
LBJ_RS11155, LBJ_2036
LBJ_RS11160
LBJ_RS11165, LBJ_2037
LBJ_RS11170, LBJ_2038
LBJ_RS11175, LBJ_2039
LBJ_RS11180
LBJ_RS11185, LBJ_2040
LBJ_RS11190, LBJ_2041
LBJ_RS11195, LBJ_2042
LBJ_RS11200, LBJ_2043
LBJ_RS11205, LBJ_2044
LBJ_RS11210, LBJ_2045
LBJ_RS11215, LBJ_2046
LBJ_RS11220, LBJ_2047
LBJ_RS11225, LBJ_2048
LBJ_RS11230, LBJ_2049
LBJ_RS11235, LBJ_2050
LBJ_RS11240, LBJ_2051
LBJ_RS11250, LBJ_2052
LBJ_RS11255, LBJ_2053
LBJ_RS11260, LBJ_2054
LBJ_RS11265, LBJ_2055
LBJ_RS11270, LBJ_2056
LBJ_RS11275, LBJ_2057
LBJ_RS11280, LBJ_2058
LBJ_RS11285, LBJ_2059
LBJ_RS11290, LBJ_2060
LBJ_RS11295, LBJ_2061
LBJ_RS11300, LBJ_2062
LBJ_RS11305
LBJ_RS11310, LBJ_2063
LBJ_RS11315, LBJ_2064
LBJ_RS11320, LBJ_2065
LBJ_RS21495
LBJ_RS11335, LBJ_2067
LBJ_RS11340, LBJ_2068
LBJ_RS11345, LBJ_2069
LBJ_RS11350, LBJ_2070
LBJ_RS11355, LBJ_2071
LBJ_RS11360, LBJ_2072
LBJ_RS11365, LBJ_2073
LBJ_RS11370, LBJ_2074
LBJ_RS11375, LBJ_2075
LBJ_RS11380, LBJ_2076
LBJ_RS11385, LBJ_2077
LBJ_RS11405, LBJ_2078
LBJ_RS11410, LBJ_2079
LBJ_RS11415, LBJ_2080
LBJ_RS11420, LBJ_2081
LBJ_RS11425, LBJ_2082
LBJ_RS11430, LBJ_2083
LBJ_RS11435, LBJ_2084
LBJ_RS11440, LBJ_2085
LBJ_RS20965
LBJ_RS11450, LBJ_2086
LBJ_RS11455, LBJ_2087
LBJ_RS21500
LBJ_RS11460, LBJ_2088
LBJ_RS11465, LBJ_2089
LBJ_RS19300
LBJ_RS21505
LBJ_RS21510
LBJ_RS11490, LBJ_2091
LBJ_RS11495, LBJ_2092
LBJ_RS11500, LBJ_2093
LBJ_RS11510, LBJ_2094
LBJ_RS11515, LBJ_2095
LBJ_RS11520, LBJ_2096
LBJ_RS21515, LBJ_2097
LBJ_RS21520
LBJ_RS21525
LBJ_RS11540, LBJ_2100
LBJ_RS11545, LBJ_2101
LBJ_RS21885
LBJ_RS11550, LBJ_2102
LBJ_RS11555, LBJ_2103
LBJ_RS11560, LBJ_2104
LBJ_RS11565, LBJ_2105
LBJ_RS11570, LBJ_2106
LBJ_RS11575, LBJ_2107
LBJ_RS11580, LBJ_2108
LBJ_RS11585, LBJ_2109
LBJ_RS11590, LBJ_2110
LBJ_RS11595, LBJ_2111
LBJ_RS11600, LBJ_2112
LBJ_RS11605, LBJ_2113
LBJ_RS11615, LBJ_2114
LBJ_RS11620
LBJ_RS11625, LBJ_2115
LBJ_RS11630, LBJ_2116
LBJ_RS11640, LBJ_2117
LBJ_RS11645, LBJ_2118
LBJ_RS20810
LBJ_RS11655, LBJ_2119
LBJ_RS11660, LBJ_2120
LBJ_RS11665, LBJ_2121
LBJ_RS20815
LBJ_RS11670, LBJ_2122
LBJ_RS11675, LBJ_2123
LBJ_RS11680, LBJ_2124
LBJ_RS11685, LBJ_2125
LBJ_RS11690, LBJ_2126
LBJ_RS11695, LBJ_2127
LBJ_RS11700, LBJ_2128
LBJ_RS11705, LBJ_2129
LBJ_RS11710, LBJ_2130
LBJ_RS11715, LBJ_2131
LBJ_RS11720, LBJ_2132
LBJ_RS11725, LBJ_2133
LBJ_RS11730, LBJ_2134
LBJ_RS11735, LBJ_2135
LBJ_RS20470
LBJ_RS20820, LBJ_2137
LBJ_RS11755, LBJ_2138
LBJ_RS11760, LBJ_2139
LBJ_RS11765
LBJ_RS11770, LBJ_2141
LBJ_RS11775, LBJ_2142
LBJ_RS11785, LBJ_2143
LBJ_RS11795, LBJ_2144
LBJ_RS11800, LBJ_2145
LBJ_RS11805, LBJ_2146
LBJ_RS11810, LBJ_2147
LBJ_RS11815, LBJ_2148
LBJ_RS11820, LBJ_2149
LBJ_RS11825, LBJ_2150
LBJ_RS11830, LBJ_2151
LBJ_RS11835, LBJ_2152
LBJ_RS11840, LBJ_2153
LBJ_RS11845, LBJ_2154
LBJ_RS11850, LBJ_2155
LBJ_RS11855, LBJ_2156
LBJ_RS11860, LBJ_2157
LBJ_RS11865, LBJ_2158
LBJ_RS11870, LBJ_2159
LBJ_RS11875, LBJ_2160
LBJ_RS11880, LBJ_2161
LBJ_RS20975
LBJ_RS11885, LBJ_2162
LBJ_RS11890, LBJ_2163
LBJ_RS11895, LBJ_2164
LBJ_RS11905, LBJ_2165
LBJ_RS11910, LBJ_2166
LBJ_RS11915, LBJ_2167
LBJ_RS11920, LBJ_2168
LBJ_RS11925, LBJ_2169
LBJ_RS11930, LBJ_2170
LBJ_RS11935, LBJ_2171
LBJ_RS11940, LBJ_2172
LBJ_RS11945, LBJ_2173
LBJ_RS11950, LBJ_2174
LBJ_RS11955, LBJ_2175
LBJ_RS11960, LBJ_2176
LBJ_RS11965, LBJ_2177
LBJ_RS11970, LBJ_2178
LBJ_RS11975, LBJ_2179
LBJ_RS11980, LBJ_2180
LBJ_RS11985, LBJ_2181
LBJ_RS11990, LBJ_2182
LBJ_RS11995, LBJ_2183
LBJ_RS12000, LBJ_2184
LBJ_RS12005, LBJ_2185
LBJ_RS12010, LBJ_2186
LBJ_RS12015, LBJ_2187
LBJ_RS12020, LBJ_2188
LBJ_RS21530, LBJ_2189
LBJ_RS12050, LBJ_2190
LBJ_RS12060, LBJ_2191
LBJ_RS12065, LBJ_2192
LBJ_RS12070, LBJ_2193
LBJ_RS12075, LBJ_2194
LBJ_RS12080, LBJ_2195
LBJ_RS12090
LBJ_RS12095, LBJ_2196
LBJ_RS12105, LBJ_2197
LBJ_RS12110, LBJ_2198
LBJ_RS12115
LBJ_RS20505
LBJ_RS20980
LBJ_RS12135, LBJ_2201
LBJ_RS21535
LBJ_RS21540
LBJ_RS12145, LBJ_2205
LBJ_RS12150, LBJ_2206
LBJ_RS12155, LBJ_2207
LBJ_RS12165, LBJ_2208
LBJ_RS12170, LBJ_2209
LBJ_RS12175, LBJ_2210
LBJ_RS12180, LBJ_2211
LBJ_RS12185, LBJ_2212
LBJ_RS12190, LBJ_2213
LBJ_RS18060
LBJ_RS12200, LBJ_2214
LBJ_RS12205, LBJ_2215
LBJ_RS12210, LBJ_2216
LBJ_RS21545
LBJ_RS12220, LBJ_2217
LBJ_RS20985, LBJ_2218
LBJ_RS12225, LBJ_2219
LBJ_RS12230, LBJ_2220
LBJ_RS20990
LBJ_RS12235, LBJ_2221
LBJ_RS12240, LBJ_2222
LBJ_RS12245, LBJ_2223
LBJ_RS12250, LBJ_2224
LBJ_RS12255, LBJ_2225
LBJ_RS12265, LBJ_2226
LBJ_RS19405, LBJ_2227
LBJ_RS12280, LBJ_2228
LBJ_RS19410, LBJ_2229
LBJ_RS12295, LBJ_2230
LBJ_RS12300, LBJ_2231
LBJ_RS12305, LBJ_2232
LBJ_RS12310, LBJ_2233
LBJ_RS12315, LBJ_2234
LBJ_RS12320, LBJ_2235
LBJ_RS12325, LBJ_2236
LBJ_RS12330, LBJ_2237
LBJ_RS21550
LBJ_RS21555
LBJ_RS12345, LBJ_2240
LBJ_RS12350, LBJ_2241
LBJ_RS19425
LBJ_RS12355, LBJ_2242
LBJ_RS12360, LBJ_2243
LBJ_RS12365, LBJ_2244
LBJ_RS12375, LBJ_2245
LBJ_RS21560
LBJ_RS12380, LBJ_2247
LBJ_RS12385, LBJ_2248
LBJ_RS12390, LBJ_2249
LBJ_RS12395, LBJ_2250
LBJ_RS12400, LBJ_2251
LBJ_RS12405, LBJ_2252
LBJ_RS12410, LBJ_2253
LBJ_RS12415, LBJ_2254
LBJ_RS12420, LBJ_2255
LBJ_RS21890
LBJ_RS12430, LBJ_2256
LBJ_RS12435, LBJ_2257
LBJ_RS12445, LBJ_2258
LBJ_RS12450, LBJ_2259
LBJ_RS21895
LBJ_RS20525
LBJ_RS12465, LBJ_2260
LBJ_RS12470, LBJ_2261
LBJ_RS12475, LBJ_2262
LBJ_RS12480, LBJ_2263
LBJ_RS12485, LBJ_2264
LBJ_RS12490, LBJ_2265
LBJ_RS12495, LBJ_2266
LBJ_RS12500, LBJ_2267
LBJ_RS12505, LBJ_2268
LBJ_RS12510, LBJ_2269
LBJ_RS12515, LBJ_2270
LBJ_RS12520, LBJ_2271
LBJ_RS12525, LBJ_2272
LBJ_RS12530, LBJ_2273
LBJ_RS12535, LBJ_2274
LBJ_RS12540, LBJ_2275
LBJ_RS12545, LBJ_2276
LBJ_RS12550, LBJ_2277
LBJ_RS12555, LBJ_2278
LBJ_RS12560, LBJ_2279
LBJ_RS12565, LBJ_2280
LBJ_RS12570, LBJ_2281
LBJ_RS12575, LBJ_2282
LBJ_RS12580, LBJ_2283
LBJ_RS12585, LBJ_2284
LBJ_RS21900
LBJ_RS12595, LBJ_2285
LBJ_RS12600, LBJ_2286
LBJ_RS12605, LBJ_2287
LBJ_RS12610, LBJ_2288
LBJ_RS21905
LBJ_RS12620, LBJ_2289
LBJ_RS12625, LBJ_2290
LBJ_RS12630, LBJ_2291
LBJ_RS12635, LBJ_2292
LBJ_RS12640, LBJ_2293
LBJ_RS12645, LBJ_2294
LBJ_RS12650, LBJ_2295
LBJ_RS12655, LBJ_2296
LBJ_RS12660, LBJ_2297
LBJ_RS12665, LBJ_2298
LBJ_RS12670, LBJ_2299
LBJ_RS12675, LBJ_2300
LBJ_RS12680, LBJ_2301
LBJ_RS12685, LBJ_2302
LBJ_RS12690, LBJ_2303
LBJ_RS12695, LBJ_2304
LBJ_RS12700, LBJ_2305
LBJ_RS20535
LBJ_RS12720, LBJ_2308
LBJ_RS12725, LBJ_2309
LBJ_RS21565
LBJ_RS12730, LBJ_2310
LBJ_RS12735, LBJ_2311
LBJ_RS12740, LBJ_2312
LBJ_RS12745, LBJ_2313
LBJ_RS12750, LBJ_2314
LBJ_RS12755, LBJ_2315
LBJ_RS12760, LBJ_2316
LBJ_RS19470, LBJ_2317
LBJ_RS12770, LBJ_2318
LBJ_RS12775, LBJ_2319
LBJ_RS12780, LBJ_2320
LBJ_RS12790
LBJ_RS12795, LBJ_2321
LBJ_RS12800, LBJ_2322
LBJ_RS12815, LBJ_2324
LBJ_RS12820, LBJ_2325
LBJ_RS12825, LBJ_2326
LBJ_RS12830, LBJ_2327
LBJ_RS12835, LBJ_2328
LBJ_RS12840, LBJ_2329
LBJ_RS12845, LBJ_2330
LBJ_RS12850, LBJ_2331
LBJ_RS12855, LBJ_2332
LBJ_RS12860, LBJ_2333
LBJ_RS12865, LBJ_2334
LBJ_RS12870, LBJ_2335
LBJ_RS12875, LBJ_2336
LBJ_RS12880, LBJ_2337
LBJ_RS12885, LBJ_2338
LBJ_RS12895, LBJ_2339
LBJ_RS12900, LBJ_2340
LBJ_RS12905, LBJ_2341
LBJ_RS12910, LBJ_2342
LBJ_RS12915, LBJ_2343
LBJ_RS21910
LBJ_RS12925, LBJ_2344
LBJ_RS12930, LBJ_2345
LBJ_RS12935, LBJ_2346
LBJ_RS12940, LBJ_2347
LBJ_RS12945, LBJ_2348
LBJ_RS12950, LBJ_2349
LBJ_RS12955, LBJ_2350
LBJ_RS12960, LBJ_2351
LBJ_RS12965, LBJ_2352
LBJ_RS12970, LBJ_2353
LBJ_RS12975, LBJ_2354
LBJ_RS12980, LBJ_2355
LBJ_RS12985, LBJ_2356
LBJ_RS12990, LBJ_2357
LBJ_RS12995, LBJ_2358
LBJ_RS13000, LBJ_2359
LBJ_RS20545
LBJ_RS19525
LBJ_RS13010, LBJ_2361
LBJ_RS13015, LBJ_2362
LBJ_RS13020, LBJ_2363
LBJ_RS13025, LBJ_2364
LBJ_RS13030, LBJ_2365
LBJ_RS13040, LBJ_2366
LBJ_RS13045, LBJ_2367
LBJ_RS13050, LBJ_2368
LBJ_RS13055, LBJ_2369
LBJ_RS13060, LBJ_2370
LBJ_RS13065, LBJ_2371
LBJ_RS13070, LBJ_2372
LBJ_RS13075, LBJ_2373
LBJ_RS21570
LBJ_RS21575
LBJ_RS13090, LBJ_2374
LBJ_RS13095, LBJ_2375
LBJ_RS13100, LBJ_2376
LBJ_RS13105, LBJ_2377
LBJ_RS19535
LBJ_RS13120, LBJ_2379
LBJ_RS13125, LBJ_2380
LBJ_RS13130, LBJ_2381
LBJ_RS13135, LBJ_2382
LBJ_RS13140, LBJ_2383
LBJ_RS13145, LBJ_2384
LBJ_RS13150, LBJ_2385
LBJ_RS13155, LBJ_2386
LBJ_RS13160, LBJ_2387
LBJ_RS13165, LBJ_2388
LBJ_RS13170, LBJ_2389
LBJ_RS20825
LBJ_RS13175, LBJ_2390
LBJ_RS13180, LBJ_2391
LBJ_RS13185, LBJ_2392
LBJ_RS13190, LBJ_2393
LBJ_RS13195, LBJ_2394
LBJ_RS13200, LBJ_2395
LBJ_RS13205, LBJ_2396
LBJ_RS13210, LBJ_2397
LBJ_RS13215, LBJ_2398
LBJ_RS13225, LBJ_2399
LBJ_RS13230, LBJ_2400
LBJ_RS13235, LBJ_2401
LBJ_RS13240, LBJ_2402
LBJ_RS13250, LBJ_2403
LBJ_RS21000
LBJ_RS13255, LBJ_2404
LBJ_RS13260, LBJ_2405
LBJ_RS13265, LBJ_2406
LBJ_RS13270, LBJ_2407
LBJ_RS13275, LBJ_2408
LBJ_RS13280, LBJ_2409
LBJ_RS21580
LBJ_RS13285, LBJ_2410
LBJ_RS13290, LBJ_2411
LBJ_RS21915
LBJ_RS13300, LBJ_2412
LBJ_RS13310, LBJ_2414
LBJ_RS13315, LBJ_2415
LBJ_RS13320, LBJ_2416
LBJ_RS13325
LBJ_RS13330, LBJ_2417
LBJ_RS13335, LBJ_2418
LBJ_RS13340, LBJ_2419
LBJ_RS13345, LBJ_2420
LBJ_RS21590
LBJ_RS13350, LBJ_2421
LBJ_RS13355, LBJ_2423
LBJ_RS13365, LBJ_2424
LBJ_RS13370, LBJ_2425
LBJ_RS13375, LBJ_2426
LBJ_RS21920
LBJ_RS13380, LBJ_2427
LBJ_RS13385, LBJ_2428
LBJ_RS13390, LBJ_2429
LBJ_RS13395, LBJ_2430
LBJ_RS13400, LBJ_2431
LBJ_RS13405, LBJ_2432
LBJ_RS13410, LBJ_2433
LBJ_RS13415, LBJ_2434
LBJ_RS13420, LBJ_2435
LBJ_RS13430, LBJ_2436
LBJ_RS13440, LBJ_2437
LBJ_RS13445, LBJ_2438
LBJ_RS13450, LBJ_2439
LBJ_RS13455, LBJ_2440
LBJ_RS13460, LBJ_2441
LBJ_RS13465, LBJ_2442
LBJ_RS13470, LBJ_2443
LBJ_RS13475, LBJ_2444
LBJ_RS13480, LBJ_2445
LBJ_RS13485, LBJ_2446
LBJ_RS13490, LBJ_2447
LBJ_RS13495, LBJ_2448
LBJ_RS13500, LBJ_2449
LBJ_RS13505, LBJ_2450
LBJ_RS13510, LBJ_2451
LBJ_RS13515, LBJ_2452
LBJ_RS13520, LBJ_2453
LBJ_RS21925
LBJ_RS13525
LBJ_RS13530, LBJ_2454
LBJ_RS13535, LBJ_2455
LBJ_RS13540, LBJ_2456
LBJ_RS13545, LBJ_2457
LBJ_RS13550, LBJ_2458
LBJ_RS13565, LBJ_2459
LBJ_RS13570, LBJ_2460
LBJ_RS13575, LBJ_2461
LBJ_RS13580
LBJ_RS13585, LBJ_2462
LBJ_RS13590, LBJ_2463
LBJ_RS13595, LBJ_2464
LBJ_RS13600, LBJ_2465
LBJ_RS13605, LBJ_2466
LBJ_RS13610, LBJ_2467
LBJ_RS13625, LBJ_2468
LBJ_RS13630, LBJ_2469
LBJ_RS13635, LBJ_2470
LBJ_RS13640, LBJ_2471
LBJ_RS13645, LBJ_2472
LBJ_RS13650, LBJ_2473
LBJ_RS13655, LBJ_2475
LBJ_RS13660, LBJ_2476
LBJ_RS13665, LBJ_2477
LBJ_RS13670, LBJ_2478
LBJ_RS21930
LBJ_RS13680, LBJ_2479
LBJ_RS13685, LBJ_2480
LBJ_RS13690, LBJ_2481
LBJ_RS13695, LBJ_2482
LBJ_RS13700, LBJ_2483
LBJ_RS13705, LBJ_2484
LBJ_RS13710, LBJ_2485
LBJ_RS13715, LBJ_2486
LBJ_RS13720, LBJ_2487
LBJ_RS13725
LBJ_RS13740, LBJ_2489
LBJ_RS13745, LBJ_2490
LBJ_RS13750, LBJ_2491
LBJ_RS13755, LBJ_2492
LBJ_RS13760, LBJ_2493
LBJ_RS13765, LBJ_2494
LBJ_RS13770, LBJ_2495
LBJ_RS13775, LBJ_2496
LBJ_RS13780, LBJ_2497
LBJ_RS13790, LBJ_2498
LBJ_RS13795
LBJ_RS19620, LBJ_2499
LBJ_RS13800, LBJ_2500
LBJ_RS13805, LBJ_2501
LBJ_RS13810, LBJ_2502
LBJ_RS21005
LBJ_RS13815
LBJ_RS13820, LBJ_2503
LBJ_RS13825, LBJ_2504
LBJ_RS13830, LBJ_2505
LBJ_RS13835, LBJ_2506
LBJ_RS13840, LBJ_2507
LBJ_RS13845, LBJ_2508
LBJ_RS21935
LBJ_RS13850, LBJ_2509
LBJ_RS13855, LBJ_2510
LBJ_RS13860, LBJ_2511
LBJ_RS13865, LBJ_2512
LBJ_RS13870, LBJ_2513
LBJ_RS13875, LBJ_2514
LBJ_RS13880, LBJ_2515
LBJ_RS13885
LBJ_RS13890, LBJ_2516
LBJ_RS13895, LBJ_2517
LBJ_RS13900, LBJ_2518
LBJ_RS13905, LBJ_2519
LBJ_RS13910, LBJ_2520
LBJ_RS13915, LBJ_2521
LBJ_RS13920, LBJ_2522
LBJ_RS13925
LBJ_RS13930, LBJ_2523
LBJ_RS21605
LBJ_RS20830, LBJ_2524
LBJ_RS13945, LBJ_2525
LBJ_RS13950, LBJ_2526
LBJ_RS13955, LBJ_2527
LBJ_RS13960, LBJ_2528
LBJ_RS13965, LBJ_2529
LBJ_RS13970, LBJ_2530
LBJ_RS13975, LBJ_2531
LBJ_RS13980, LBJ_2532
LBJ_RS13985, LBJ_2533
LBJ_RS13995, LBJ_2535
LBJ_RS14000, LBJ_2536
LBJ_RS14005, LBJ_2537
LBJ_RS14010, LBJ_2538
LBJ_RS14020, LBJ_2539
LBJ_RS14025, LBJ_2540
LBJ_RS14030, LBJ_2541
LBJ_RS14035, LBJ_2542
LBJ_RS14040, LBJ_2543
LBJ_RS21610
LBJ_RS21615
LBJ_RS14055, LBJ_2546
LBJ_RS14060, LBJ_2547
LBJ_RS14065, LBJ_2548
LBJ_RS14070, LBJ_2549
LBJ_RS14075, LBJ_2550
LBJ_RS14080, LBJ_2551
LBJ_RS14085, LBJ_2552
LBJ_RS14090, LBJ_2553
LBJ_RS14095, LBJ_2554
LBJ_RS14100, LBJ_2555
LBJ_RS14105, LBJ_2556
LBJ_RS14110, LBJ_2557
LBJ_RS14115, LBJ_2558
LBJ_RS14120, LBJ_2559
LBJ_RS14125, LBJ_2560
LBJ_RS14130, LBJ_2561
LBJ_RS14135, LBJ_2562
LBJ_RS14140, LBJ_2563
LBJ_RS14145, LBJ_2564
LBJ_RS14150, LBJ_2565
LBJ_RS14160, LBJ_2566
LBJ_RS21620
LBJ_RS14170, LBJ_2567
LBJ_RS14175, LBJ_2568
LBJ_RS14180, LBJ_2569
LBJ_RS14185, LBJ_2570
LBJ_RS14190, LBJ_2571
LBJ_RS14195
LBJ_RS19675
LBJ_RS14205, LBJ_2572
LBJ_RS14215, LBJ_2573
LBJ_RS14220, LBJ_2574
LBJ_RS14225, LBJ_2575
LBJ_RS14230, LBJ_2576
LBJ_RS14235, LBJ_2577
LBJ_RS14240, LBJ_2578
LBJ_RS14250, LBJ_2579
LBJ_RS14255, LBJ_2580
LBJ_RS14260, LBJ_2581
LBJ_RS14265, LBJ_2582
LBJ_RS14270, LBJ_2583
LBJ_RS14280, LBJ_2584
LBJ_RS14285, LBJ_2585
LBJ_RS14290, LBJ_2586
LBJ_RS14295, LBJ_2587
LBJ_RS14300, LBJ_2588
LBJ_RS14305, LBJ_2589
LBJ_RS14310, LBJ_2590
LBJ_RS14315, LBJ_2591
LBJ_RS14320, LBJ_2592
LBJ_RS14325, LBJ_2593
LBJ_RS21625, LBJ_2594
LBJ_RS14335, LBJ_2595
LBJ_RS14340, LBJ_2596
LBJ_RS14350, LBJ_2597
LBJ_RS14355, LBJ_2598
LBJ_RS14360, LBJ_2599
LBJ_RS14365, LBJ_2600
LBJ_RS14370, LBJ_2601
LBJ_RS14375, LBJ_2602
LBJ_RS14380, LBJ_2603
LBJ_RS14385, LBJ_2604
LBJ_RS14390, LBJ_2605
LBJ_RS14395, LBJ_2606
LBJ_RS14405, LBJ_2607
LBJ_RS14410, LBJ_2608
LBJ_RS21940, LBJ_2609
LBJ_RS14420, LBJ_2610
LBJ_RS14425, LBJ_2611
LBJ_RS14430, LBJ_2612
LBJ_RS14435, LBJ_2613
LBJ_RS14440, LBJ_2614
LBJ_RS14445, LBJ_2615
LBJ_RS14450, LBJ_2616
LBJ_RS14455, LBJ_2617
LBJ_RS14460, LBJ_2618
LBJ_RS14465, LBJ_2619
LBJ_RS14470, LBJ_2620
LBJ_RS14475, LBJ_2621
LBJ_RS14480, LBJ_2622
LBJ_RS14485, LBJ_2623
LBJ_RS21945
LBJ_RS14495, LBJ_2624
LBJ_RS14500, LBJ_2625
LBJ_RS14505, LBJ_2626
LBJ_RS14510, LBJ_2627
LBJ_RS14515, LBJ_2628
LBJ_RS14520, LBJ_2629
LBJ_RS14525, LBJ_2630
LBJ_RS21950
LBJ_RS14535, LBJ_2631
LBJ_RS14540, LBJ_2632
LBJ_RS14545, LBJ_2633
LBJ_RS14550, LBJ_2634
LBJ_RS14555, LBJ_2635
LBJ_RS19715, LBJ_2636
LBJ_RS14560, LBJ_2637
LBJ_RS14565, LBJ_2638
LBJ_RS14570, LBJ_2639
LBJ_RS14575, LBJ_2640
LBJ_RS14580, LBJ_2641
LBJ_RS14585, LBJ_2642
LBJ_RS14590, LBJ_2643
LBJ_RS14595, LBJ_2644
LBJ_RS14600, LBJ_2645
LBJ_RS19720, LBJ_2646
LBJ_RS14605, LBJ_2647
LBJ_RS14610, LBJ_2648
LBJ_RS14615, LBJ_2649
LBJ_RS14620, LBJ_2650
LBJ_RS14625, LBJ_2651
LBJ_RS14630, LBJ_2652
LBJ_RS14635, LBJ_2653
LBJ_RS14640, LBJ_2654
LBJ_RS14645, LBJ_2655
LBJ_RS14650, LBJ_2656
LBJ_RS14655, LBJ_2657
LBJ_RS14660, LBJ_2658
LBJ_RS14665, LBJ_2659
LBJ_RS14670, LBJ_2660
LBJ_RS14675, LBJ_2661
LBJ_RS14680, LBJ_2662
LBJ_RS14685, LBJ_2663
LBJ_RS20610
LBJ_RS14695, LBJ_2664
LBJ_RS14700, LBJ_2665
LBJ_RS14705, LBJ_2666
LBJ_RS14710, LBJ_2667
LBJ_RS14715, LBJ_2668
LBJ_RS14720, LBJ_2669
LBJ_RS14725, LBJ_2670
LBJ_RS14730, LBJ_2671
LBJ_RS14735, LBJ_2672
LBJ_RS14740, LBJ_2673
LBJ_RS14745, LBJ_2674
LBJ_RS14750, LBJ_2675
LBJ_RS14755, LBJ_2676
LBJ_RS21635
LBJ_RS14760, LBJ_2677
LBJ_RS14765, LBJ_2678
LBJ_RS14770, LBJ_2679
LBJ_RS14775, LBJ_2680
LBJ_RS14780, LBJ_2681
LBJ_RS14785, LBJ_2682
LBJ_RS14790
LBJ_RS14795, LBJ_2685
LBJ_RS14800, LBJ_2686
LBJ_RS14805, LBJ_2687
LBJ_RS14810, LBJ_2688
LBJ_RS14815, LBJ_2689
LBJ_RS14820, LBJ_2690
LBJ_RS21640
LBJ_RS14825, LBJ_2691
LBJ_RS14830, LBJ_2692
LBJ_RS21645
LBJ_RS14850, LBJ_2696
LBJ_RS14855, LBJ_2697
LBJ_RS14860, LBJ_2698
LBJ_RS14865, LBJ_2699
LBJ_RS14870, LBJ_2700
LBJ_RS20625, LBJ_2701
LBJ_RS14880
LBJ_RS19745
LBJ_RS14895, LBJ_2706
LBJ_RS14900, LBJ_2707
LBJ_RS14910, LBJ_2708
LBJ_RS14915, LBJ_2709
LBJ_RS14920, LBJ_2710
LBJ_RS14925, LBJ_2711
LBJ_RS14930, LBJ_2712
LBJ_RS14935, LBJ_2713
LBJ_RS14940
LBJ_RS14945, LBJ_2714
LBJ_RS21035
LBJ_RS14960, LBJ_2715
LBJ_RS14965, LBJ_2716
LBJ_RS14970, LBJ_2717
LBJ_RS14975, LBJ_2718
LBJ_RS14985, LBJ_2720
LBJ_RS14990, LBJ_2721
LBJ_RS14995, LBJ_2722
LBJ_RS21650
LBJ_RS15005, LBJ_2725
LBJ_RS15010, LBJ_2726
LBJ_RS15015, LBJ_2727
LBJ_RS15020, LBJ_2728
LBJ_RS15025, LBJ_2729
LBJ_RS15030, LBJ_2730
LBJ_RS15035, LBJ_2731
LBJ_RS15040, LBJ_2732
LBJ_RS15050, LBJ_2734
LBJ_RS15055, LBJ_2735
LBJ_RS15060, LBJ_2736
LBJ_RS21655
LBJ_RS15070, LBJ_2738
LBJ_RS15075, LBJ_2739
LBJ_RS15080, LBJ_2740
LBJ_RS15085, LBJ_2741
LBJ_RS15090, LBJ_2742
LBJ_RS15095, LBJ_2743
LBJ_RS15100, LBJ_2744
LBJ_RS15105, LBJ_2745
LBJ_RS15120, LBJ_2746
LBJ_RS15125, LBJ_2747
LBJ_RS15130, LBJ_2748
LBJ_RS15135, LBJ_2749
LBJ_RS15140, LBJ_2750
LBJ_RS15145, LBJ_2751
LBJ_RS15155, LBJ_2752
LBJ_RS15160, LBJ_2753
LBJ_RS15165, LBJ_2754
LBJ_RS15170, LBJ_2755
LBJ_RS15175, LBJ_2756
LBJ_RS15180, LBJ_2757
LBJ_RS15185, LBJ_2758
LBJ_RS15190, LBJ_2759
LBJ_RS15195, LBJ_2760
LBJ_RS15200, LBJ_2761
LBJ_RS15205, LBJ_2762
LBJ_RS15210, LBJ_2763
LBJ_RS15215, LBJ_2764
LBJ_RS15220, LBJ_2765
LBJ_RS15225, LBJ_2766
LBJ_RS15230, LBJ_2767
LBJ_RS15235, LBJ_2768
LBJ_RS15240, LBJ_2769
LBJ_RS15245, LBJ_2770
LBJ_RS15250, LBJ_2771
LBJ_RS15255, LBJ_2772
LBJ_RS15260, LBJ_2773
LBJ_RS15265, LBJ_2774
LBJ_RS15270, LBJ_2775
LBJ_RS20635, LBJ_2776
LBJ_RS15280, LBJ_2777
LBJ_RS15285, LBJ_2778
LBJ_RS15290, LBJ_2779
LBJ_RS15295, LBJ_2780
LBJ_RS15300, LBJ_2781
LBJ_RS15305, LBJ_2782
LBJ_RS15310, LBJ_2783
LBJ_RS15315, LBJ_2784
LBJ_RS15320, LBJ_2785
LBJ_RS15325, LBJ_2786
LBJ_RS15330, LBJ_2787
LBJ_RS15335, LBJ_2788
LBJ_RS15340, LBJ_2789
LBJ_RS15345, LBJ_2790
LBJ_RS15350, LBJ_2791
LBJ_RS15355, LBJ_2792
LBJ_RS15360
LBJ_RS15365, LBJ_2793
LBJ_RS15370, LBJ_2794
LBJ_RS15375, LBJ_2795
LBJ_RS15380, LBJ_2796
LBJ_RS20835, LBJ_2797
LBJ_RS15390, LBJ_2798
LBJ_RS15395, LBJ_2799
LBJ_RS15400, LBJ_2800
LBJ_RS15405, LBJ_2801
LBJ_RS15410, LBJ_2802
LBJ_RS15415, LBJ_2803
LBJ_RS15420, LBJ_2804
LBJ_RS15425, LBJ_2805
LBJ_RS15430, LBJ_2806
LBJ_RS15440, LBJ_2807
LBJ_RS15445, LBJ_2808
LBJ_RS15450
LBJ_RS15455, LBJ_2809
LBJ_RS15460, LBJ_2810
LBJ_RS15465, LBJ_2811
LBJ_RS15470, LBJ_2812
LBJ_RS15475, LBJ_2813
LBJ_RS15480, LBJ_2814
LBJ_RS15485, LBJ_2815
LBJ_RS15490, LBJ_2816
LBJ_RS15495, LBJ_2817
LBJ_RS15500, LBJ_2818
LBJ_RS19785
LBJ_RS15515, LBJ_2821
LBJ_RS15520, LBJ_2822
LBJ_RS15530, LBJ_2823
LBJ_RS15535, LBJ_2824
LBJ_RS15540, LBJ_2825
LBJ_RS15545, LBJ_2826
LBJ_RS15550, LBJ_2827
LBJ_RS15555, LBJ_2828
LBJ_RS15560, LBJ_2829
LBJ_RS15565, LBJ_2830
LBJ_RS15570, LBJ_2831
LBJ_RS15575, LBJ_2832
LBJ_RS15580, LBJ_2833
LBJ_RS15585, LBJ_2834
LBJ_RS15590, LBJ_2835
LBJ_RS15595, LBJ_2836
LBJ_RS15600, LBJ_2837
LBJ_RS15605, LBJ_2838
LBJ_RS15610, LBJ_2839
LBJ_RS15615, LBJ_2840
LBJ_RS15620, LBJ_2841
LBJ_RS15625, LBJ_2842
LBJ_RS15630, LBJ_2843
LBJ_RS15635, LBJ_2844
LBJ_RS15640, LBJ_2845
LBJ_RS15650, LBJ_2846
LBJ_RS15655, LBJ_2847
LBJ_RS15660, LBJ_2848
LBJ_RS15665, LBJ_2849
LBJ_RS15670, LBJ_2850
LBJ_RS15675, LBJ_2851
LBJ_RS15680, LBJ_2852
LBJ_RS15685, LBJ_2853
LBJ_RS15690, LBJ_2854
LBJ_RS15695, LBJ_2855
LBJ_RS15700, LBJ_2856
LBJ_RS15705, LBJ_2857
LBJ_RS15710, LBJ_2858
LBJ_RS15715, LBJ_2859
LBJ_RS15720, LBJ_2860
LBJ_RS15730, LBJ_2861
LBJ_RS15735, LBJ_2862
LBJ_RS15745, LBJ_2863
LBJ_RS15750, LBJ_2864
LBJ_RS21045, LBJ_2865
LBJ_RS15755, LBJ_2866
LBJ_RS15760, LBJ_2867
LBJ_RS15765, LBJ_2868
LBJ_RS15770, LBJ_2869
LBJ_RS20670
LBJ_RS15775, LBJ_2870
LBJ_RS15790, LBJ_2871
LBJ_RS15795, LBJ_2872
LBJ_RS15800, LBJ_2873
LBJ_RS15805, LBJ_2874
LBJ_RS15810, LBJ_2875
LBJ_RS15815, LBJ_2876
LBJ_RS19815, LBJ_2877
LBJ_RS15825, LBJ_2878
LBJ_RS15830, LBJ_2879
LBJ_RS15835, LBJ_2880
LBJ_RS15840, LBJ_2881
LBJ_RS15845, LBJ_2882
LBJ_RS15850, LBJ_2883
LBJ_RS15855, LBJ_2884
LBJ_RS15860, LBJ_2885
LBJ_RS15870, LBJ_2886
LBJ_RS15875, LBJ_2887
LBJ_RS15890, LBJ_2889
LBJ_RS15895, LBJ_2890
LBJ_RS15900, LBJ_2891
LBJ_RS15905, LBJ_2892
LBJ_RS15910, LBJ_2893
LBJ_RS15915, LBJ_2894
LBJ_RS15920, LBJ_2895
LBJ_RS15925, LBJ_2896
LBJ_RS15930
LBJ_RS15935, LBJ_2897
LBJ_RS15940, LBJ_2898
LBJ_RS21050
LBJ_RS15950, LBJ_2899
LBJ_RS15955, LBJ_2900
LBJ_RS15960, LBJ_2901
LBJ_RS15965, LBJ_2902
LBJ_RS15970, LBJ_2903
LBJ_RS15975, LBJ_2904
LBJ_RS15980, LBJ_2905
LBJ_RS15985, LBJ_2906
LBJ_RS15990, LBJ_2907
LBJ_RS15995, LBJ_2908
LBJ_RS16000, LBJ_2909
LBJ_RS16005, LBJ_2910
LBJ_RS16010, LBJ_2911
LBJ_RS16015, LBJ_2912
LBJ_RS16020
LBJ_RS16025, LBJ_2913
LBJ_RS16030, LBJ_2914
LBJ_RS16035, LBJ_2915
LBJ_RS16040, LBJ_2916
LBJ_RS16045, LBJ_2917
LBJ_RS16050, LBJ_2918
LBJ_RS16055, LBJ_2919
LBJ_RS16060, LBJ_2920
LBJ_RS16065, LBJ_2921
LBJ_RS16070, LBJ_2922
LBJ_RS16075, LBJ_2923
LBJ_RS16080, LBJ_2924
LBJ_RS21660
LBJ_RS16085, LBJ_2925
LBJ_RS16090, LBJ_2926
LBJ_RS16095, LBJ_2927
LBJ_RS16100, LBJ_2928
LBJ_RS16105, LBJ_2929
LBJ_RS16110, LBJ_2930
LBJ_RS16115, LBJ_2931
LBJ_RS16120, LBJ_2932
LBJ_RS16125, LBJ_2933
LBJ_RS16130, LBJ_2934
LBJ_RS16135, LBJ_2935
LBJ_RS16140, LBJ_2936
LBJ_RS16150, LBJ_2937
LBJ_RS16155, LBJ_2938
LBJ_RS16160, LBJ_2939
LBJ_RS16165, LBJ_2940
LBJ_RS16170, LBJ_2941
LBJ_RS16175, LBJ_2942
LBJ_RS16180, LBJ_2943
LBJ_RS16185, LBJ_2944
LBJ_RS16190, LBJ_2945
LBJ_RS16195, LBJ_2946
LBJ_RS16200, LBJ_2947
LBJ_RS16205, LBJ_2948
LBJ_RS16210
LBJ_RS16215, LBJ_2949
LBJ_RS16220, LBJ_2950
LBJ_RS16230, LBJ_2951
LBJ_RS16235
LBJ_RS16240, LBJ_2952
LBJ_RS16245, LBJ_2953
LBJ_RS16250, LBJ_2954
LBJ_RS16255, LBJ_2955
LBJ_RS16260, LBJ_2956
LBJ_RS16265, LBJ_2957
LBJ_RS16270, LBJ_2958
LBJ_RS16275, LBJ_2959
LBJ_RS16280, LBJ_2960
LBJ_RS16290, LBJ_2961
LBJ_RS16300, LBJ_2962
LBJ_RS16305, LBJ_2964
LBJ_RS16310, LBJ_2965
LBJ_RS16315, LBJ_2966
LBJ_RS16320, LBJ_2967
LBJ_RS16325, LBJ_2968
LBJ_RS16330, LBJ_2969
LBJ_RS16340, LBJ_2970
LBJ_RS16345, LBJ_2972
LBJ_RS16350, LBJ_2973
LBJ_RS16355, LBJ_2974
LBJ_RS16360, LBJ_2975
LBJ_RS16370, LBJ_2976
LBJ_RS16375, LBJ_2977
LBJ_RS16380, LBJ_2978
LBJ_RS21055, LBJ_2979
LBJ_RS16390, LBJ_2980
LBJ_RS16395, LBJ_2981
LBJ_RS16405, LBJ_2982
LBJ_RS16410, LBJ_2983
LBJ_RS16415, LBJ_2984
LBJ_RS16420, LBJ_2985
LBJ_RS16425, LBJ_2986
LBJ_RS16430, LBJ_2987
LBJ_RS16435, LBJ_2988
LBJ_RS16440, LBJ_2989
LBJ_RS16445, LBJ_2990
LBJ_RS16450, LBJ_2991
LBJ_RS16455, LBJ_2992
LBJ_RS16460
LBJ_RS16465, LBJ_2993
LBJ_RS19860, LBJ_4266
LBJ_RS16485, LBJ_2994
LBJ_RS16490, LBJ_2995
LBJ_RS16495
LBJ_RS16500, LBJ_2996
LBJ_RS16505, LBJ_2997
LBJ_RS16510, LBJ_2998
LBJ_RS16515, LBJ_2999
LBJ_RS16520, LBJ_3000
LBJ_RS16525, LBJ_3001
LBJ_RS16530, LBJ_3002
LBJ_RS16535, LBJ_3003
LBJ_RS16540, LBJ_3004
LBJ_RS16545, LBJ_3005
LBJ_RS16550, LBJ_3006
LBJ_RS16555, LBJ_3007
LBJ_RS21955
LBJ_RS16560, LBJ_3008
LBJ_RS16565, LBJ_3009
LBJ_RS16570, LBJ_3010
LBJ_RS16575, LBJ_3011
LBJ_RS16580, LBJ_3012
LBJ_RS16585, LBJ_3013
LBJ_RS16590, LBJ_3014
LBJ_RS16595, LBJ_3015
LBJ_RS16600, LBJ_3016
LBJ_RS16605, LBJ_3017
LBJ_RS16610
LBJ_RS16625, LBJ_4000
LBJ_RS16630, LBJ_4001
LBJ_RS16635, LBJ_4002
LBJ_RS16640, LBJ_4003
LBJ_RS16645, LBJ_4004
LBJ_RS16650, LBJ_4005
LBJ_RS16655, LBJ_4006
LBJ_RS19875, LBJ_4007
LBJ_RS16660, LBJ_4008
LBJ_RS16665, LBJ_4009
LBJ_RS16670, LBJ_4010
LBJ_RS16675, LBJ_4011
LBJ_RS16680, LBJ_4012
LBJ_RS16685, LBJ_4013
LBJ_RS16690, LBJ_4014
LBJ_RS16695, LBJ_4015
LBJ_RS16700, LBJ_4016
LBJ_RS16705, LBJ_4017
LBJ_RS16710, LBJ_4018
LBJ_RS16720, LBJ_4019
LBJ_RS16725, LBJ_4020
LBJ_RS16730, LBJ_4021
LBJ_RS16735, LBJ_4022
LBJ_RS16740, LBJ_4023
LBJ_RS19880, LBJ_4024
LBJ_RS16755, LBJ_4025
LBJ_RS16760, LBJ_4026
LBJ_RS16765, LBJ_4027
LBJ_RS16770, LBJ_4028
LBJ_RS16775, LBJ_4029
LBJ_RS16780, LBJ_4030
LBJ_RS16785, LBJ_4031
LBJ_RS21060
LBJ_RS16790, LBJ_4032
LBJ_RS16795
LBJ_RS16800, LBJ_4033
LBJ_RS16805, LBJ_4034
LBJ_RS16810, LBJ_4035
LBJ_RS16820, LBJ_4036
LBJ_RS16825, LBJ_4037
LBJ_RS16830, LBJ_4038
LBJ_RS16835, LBJ_4039
LBJ_RS21665
LBJ_RS21670
LBJ_RS16855, LBJ_4042
LBJ_RS16860, LBJ_4043
LBJ_RS16865, LBJ_4044
LBJ_RS16870, LBJ_4045
LBJ_RS16875, LBJ_4046
LBJ_RS16880, LBJ_4047
LBJ_RS16885, LBJ_4048
LBJ_RS16890, LBJ_4049
LBJ_RS16895, LBJ_4050
LBJ_RS16900, LBJ_4051
LBJ_RS16905, LBJ_4053
LBJ_RS19905
LBJ_RS16910, LBJ_4054
LBJ_RS16915, LBJ_4055
LBJ_RS16920
LBJ_RS16925, LBJ_4056
LBJ_RS19915, LBJ_4057
LBJ_RS16940, LBJ_4058
LBJ_RS16945, LBJ_4059
LBJ_RS16950, LBJ_4060
LBJ_RS16955, LBJ_4061
LBJ_RS16960, LBJ_4062
LBJ_RS16965, LBJ_4063
LBJ_RS16970, LBJ_4064
LBJ_RS21675
LBJ_RS16975, LBJ_4065
LBJ_RS16980, LBJ_4066
LBJ_RS16985, LBJ_4067
LBJ_RS16990, LBJ_4068
LBJ_RS16995, LBJ_4069
LBJ_RS17000, LBJ_4070
LBJ_RS17005, LBJ_4071
LBJ_RS17010, LBJ_4072
LBJ_RS17015, LBJ_4073
LBJ_RS20710, LBJ_4074
LBJ_RS17025, LBJ_4075
LBJ_RS17030, LBJ_4076
LBJ_RS17035, LBJ_4077
LBJ_RS17040, LBJ_4078
LBJ_RS17045, LBJ_4079
LBJ_RS17050, LBJ_4080
LBJ_RS17055, LBJ_4081
LBJ_RS17060, LBJ_4082
LBJ_RS17065, LBJ_4083
LBJ_RS17070, LBJ_4084
LBJ_RS17075, LBJ_4085
LBJ_RS17085, LBJ_4087
LBJ_RS17090, LBJ_4088
LBJ_RS17095, LBJ_4089
LBJ_RS17100, LBJ_4090
LBJ_RS17105, LBJ_4091
LBJ_RS17110, LBJ_4092
LBJ_RS17115, LBJ_4093
LBJ_RS17120, LBJ_4094
LBJ_RS17125, LBJ_4095
LBJ_RS17130, LBJ_4096
LBJ_RS17135, LBJ_4097
LBJ_RS17140, LBJ_4098
LBJ_RS17145, LBJ_4099
LBJ_RS17155, LBJ_4100
LBJ_RS17160, LBJ_4101
LBJ_RS17165, LBJ_4102
LBJ_RS17170, LBJ_4103
LBJ_RS17175, LBJ_4104
LBJ_RS17180, LBJ_4105
LBJ_RS17185, LBJ_4106
LBJ_RS17190, LBJ_4107
LBJ_RS17195, LBJ_4108
LBJ_RS17200, LBJ_4109
LBJ_RS17205, LBJ_4110
LBJ_RS17210, LBJ_4111
LBJ_RS17215, LBJ_4112
LBJ_RS17220, LBJ_4113
LBJ_RS17225, LBJ_4114
LBJ_RS17230, LBJ_4115
LBJ_RS17235, LBJ_4116
LBJ_RS17240, LBJ_4117
LBJ_RS17245, LBJ_4118
LBJ_RS17250, LBJ_4119
LBJ_RS21680, LBJ_4120
LBJ_RS17260, LBJ_4121
LBJ_RS17265, LBJ_4122
LBJ_RS17270, LBJ_4123
LBJ_RS17275, LBJ_4124
LBJ_RS17280, LBJ_4125
LBJ_RS17285, LBJ_4126
LBJ_RS17290, LBJ_4127
LBJ_RS17295, LBJ_4128
LBJ_RS17300, LBJ_4129
LBJ_RS17305, LBJ_4130
LBJ_RS17310, LBJ_4131
LBJ_RS20715
LBJ_RS20720
LBJ_RS19970
LBJ_RS19975
LBJ_RS17335, LBJ_4134
LBJ_RS17340, LBJ_4136
LBJ_RS17345, LBJ_4137
LBJ_RS17350, LBJ_4138
LBJ_RS17355, LBJ_4139
LBJ_RS17360, LBJ_4140
LBJ_RS20725
LBJ_RS17365, LBJ_4141
LBJ_RS20730, LBJ_4142
LBJ_RS17375, LBJ_4143
LBJ_RS17380, LBJ_4144
LBJ_RS17385, LBJ_4145
LBJ_RS17390, LBJ_4146
LBJ_RS17395, LBJ_4147
LBJ_RS17400, LBJ_4148
LBJ_RS17405, LBJ_4149
LBJ_RS17410, LBJ_4150
LBJ_RS17415, LBJ_4151
LBJ_RS17420, LBJ_4152
LBJ_RS17425, LBJ_4153
LBJ_RS17430, LBJ_4154
LBJ_RS17435, LBJ_4155
LBJ_RS17440, LBJ_4156
LBJ_RS17445, LBJ_4157
LBJ_RS17450, LBJ_4158
LBJ_RS17455, LBJ_4159
LBJ_RS17460, LBJ_4160
LBJ_RS17465, LBJ_4161
LBJ_RS17470, LBJ_4162
LBJ_RS17475, LBJ_4163
LBJ_RS17480, LBJ_4164
LBJ_RS17485, LBJ_4165
LBJ_RS20840
LBJ_RS17495, LBJ_4166
LBJ_RS17500, LBJ_4167
LBJ_RS17505, LBJ_4168
LBJ_RS17510, LBJ_4169
LBJ_RS17515, LBJ_4170
LBJ_RS17520, LBJ_4171
LBJ_RS17525, LBJ_4172
LBJ_RS17530, LBJ_4173
LBJ_RS17535, LBJ_4174
LBJ_RS17540, LBJ_4175
LBJ_RS17545, LBJ_4176
LBJ_RS17550, LBJ_4177
LBJ_RS17555, LBJ_4178
LBJ_RS17560, LBJ_4179
LBJ_RS17565, LBJ_4180
LBJ_RS17570, LBJ_4181
LBJ_RS17575, LBJ_4182
LBJ_RS17580, LBJ_4183
LBJ_RS17585, LBJ_4184
LBJ_RS17590, LBJ_4185
LBJ_RS17595, LBJ_4186
LBJ_RS17600, LBJ_4187
LBJ_RS17605, LBJ_4188
LBJ_RS17610, LBJ_4189
LBJ_RS17615, LBJ_4190
LBJ_RS17620, LBJ_4191
LBJ_RS17625, LBJ_4192
LBJ_RS17630, LBJ_4193
LBJ_RS17635, LBJ_4194
LBJ_RS17640, LBJ_4195
LBJ_RS17650, LBJ_4196
LBJ_RS17655
LBJ_RS17660, LBJ_4199
LBJ_RS17665, LBJ_4200
LBJ_RS17670, LBJ_4201
LBJ_RS17675, LBJ_4202
LBJ_RS17680, LBJ_4203
LBJ_RS17685, LBJ_4204
LBJ_RS17690, LBJ_4205
LBJ_RS17695, LBJ_4206
LBJ_RS17700, LBJ_4207
LBJ_RS17705, LBJ_4208
LBJ_RS17710, LBJ_4209
LBJ_RS17715, LBJ_4210
LBJ_RS17720, LBJ_4211
LBJ_RS17725, LBJ_4212
LBJ_RS17730, LBJ_4213
LBJ_RS17735, LBJ_4214
LBJ_RS17740, LBJ_4215
LBJ_RS17745, LBJ_4216
LBJ_RS17750, LBJ_4217
LBJ_RS17755, LBJ_4218
LBJ_RS17760, LBJ_4219
LBJ_RS17765, LBJ_4220
LBJ_RS17770, LBJ_4221
LBJ_RS17775, LBJ_4222
LBJ_RS17780, LBJ_4223
LBJ_RS17785, LBJ_4224
LBJ_RS17790, LBJ_4225
LBJ_RS17795, LBJ_4226
LBJ_RS17800, LBJ_4227
LBJ_RS17805, LBJ_4228
LBJ_RS17810, LBJ_4229
LBJ_RS17815, LBJ_4230
LBJ_RS20010
LBJ_RS17825, LBJ_4231
LBJ_RS17830, LBJ_4232
LBJ_RS17835, LBJ_4233
LBJ_RS17840, LBJ_4234
LBJ_RS17845, LBJ_4235
LBJ_RS17850, LBJ_4236
LBJ_RS17855, LBJ_4237
LBJ_RS17860, LBJ_4238
LBJ_RS17865, LBJ_4239
LBJ_RS17870, LBJ_4240
LBJ_RS17875, LBJ_4241
LBJ_RS17880, LBJ_4242
LBJ_RS17885, LBJ_4243
LBJ_RS17890, LBJ_4244
LBJ_RS17895, LBJ_4245
LBJ_RS17900, LBJ_4246
LBJ_RS17905, LBJ_4247
LBJ_RS17910, LBJ_4248
LBJ_RS17915, LBJ_4249
LBJ_RS17920, LBJ_4250
LBJ_RS21960, LBJ_4251
LBJ_RS21965, LBJ_4252
LBJ_RS21970
LBJ_RS17930, LBJ_4253
LBJ_RS17935, LBJ_4254
LBJ_RS17940, LBJ_4255
LBJ_RS17945, LBJ_4256
LBJ_RS17950, LBJ_4257
LBJ_RS17955, LBJ_4258
LBJ_RS17960, LBJ_4259
LBJ_RS17965, LBJ_4260
LBJ_RS17970, LBJ_4261
LBJ_RS17975, LBJ_4262
LBJ_RS17980, LBJ_4263
