reaction	linear_coefficient
rxn25492_c	[0.0858308778441619]
rxn38710_c	[0.053353302836429146]
rxn38702_c	[0.019356309114884337]
rxn13914_c	[0.019356309114884337]
rxn03140_c	[0.019356309114884337]
rxn02297_c	[0.017505874181277508]
rxn31257_c	[0.01013669341928902]
rxn38489_c	[0.01013669341928902]
rxn31255_c	[0.01013669341928902]
rxn31254_c	[0.01013669341928902]
rxn38492_c	[0.01013669341928902]
rxn07573_c	[0.01013669341928902]
rxn31256_c	[0.01013669341928902]
rxn38484_c	[0.01013669341928902]
rxn06429_c	[0.014760067505602856]
rxn11156_c	[0.014760067505602856]
rxn06081_c	[0.07149407698026383]
rxn27618_c	[0.04521355972672169]
rxn01800_c	[0.11492774621366283]
rxn33463_c	[0.11492774621366283]
rxn11749_c	[0.11492774621366283]
rxn03599_c	[0.07340420336334186]
rxn30339_c	[0.027360389839430004]
rxn33715_c	[0.04864310482361177]
rxn35346_c	[0.017505874181277508]
rxn31870_c	[0.017505874181277508]
rxn38114_c	[0.019356309114884337]
rxn30418_c	[0.007645932027718539]
rxn38077_c	[0.030741096477661833]
rxn35429_c	[0.003695443371807186]
rxn35443_c	[0.003695443371807186]
rxn16485_c	[0.04864310482361177]
rxn31210_c	[0.0065986184142695125]
rxn19980_c	[0.0065986184142695125]
rxn32365_c	[0.01891133649155366]
rxn26073_c	[0.006376132102604176]
rxn16660_c	[0.07375149906935603]
rxn35413_c	[0.07375149906935603]
rxn19018_c	[0.05583863773259316]
rxn34630_c	[0.014825185450480517]
rxn26310_c	[0.004129563004324917]
rxn32357_c	[0.019356309114884337]
rxn03395_c	[0.019356309114884337]
rxn33220_c	[0.019356309114884337]
rxn15785_c	[0.019356309114884337]
rxn06723_c	[0.00602883639658999]
rxn32810_c	[0.07149407698026383]
rxn31217_c	[0.004281504875706122]
rxn17745_c	[0.004281504875706122]
rxn31243_c	[0.004281504875706122]
rxn33618_c	[0.004281504875706122]
rxn00321_c	[0.11492774621366283]
rxn38482_c	[0.003652031408555413]
rxn31276_c	[0.003652031408555413]
rxn38486_c	[0.003652031408555413]
rxn38490_c	[0.003652031408555413]
rxn38485_c	[0.003652031408555413]
rxn37965_c	[0.003652031408555413]
rxn38487_c	[0.003652031408555413]
rxn30096_c	[0.003652031408555413]
rxn04023_c	[0.025352586539035493]
rxn32460_c	[0.019356309114884337]
rxn16223_c	[0.015427526440598869]
rxn16221_c	[0.015427526440598869]
rxn19253_c	[0.016876400714126796]
rxn33346_c	[0.016876400714126796]
rxn06741_c	[0.04864310482361177]
rxn07241_c	[0.04864310482361177]
rxn34204_c	[0.014130594038452146]
rxn35234_c	[0.019356309114884337]
rxn16681_c	[0.1001242667448082]
rxn32682_c	[0.050748585041322763]
rxn14089_c	[0.016876400714126796]
rxn38034_c	[0.016876400714126796]
rxn11834_c	[0.050748585041322763]
rxn11838_c	[0.050748585041322763]
rxn31891_c	[0.016876400714126796]
rxn05871_c	[0.016876400714126796]
rxn38318_c	[0.016876400714126796]
rxn11809_c	[0.050748585041322763]
rxn03282_c	[0.050748585041322763]
rxn04726_c	[0.016876400714126796]
rxn32074_c	[0.050748585041322763]
rxn03893_c	[0.07583527330544115]
rxn11643_c	[0.07583527330544115]
rxn28991_c	[0.012730558223582464]
rxn30152_c	[0.012730558223582464]
rxn15783_c	[0.023393621697299232]
rxn06831_c	[0.023393621697299232]
rxn03397_c	[0.023393621697299232]
rxn16584_c	[0.023393621697299232]
rxn04674_c	[0.023393621697299232]
rxn27893_c	[0.022270337148159604]
rxn03159_c	[0.07104367786152668]
rxn31826_c	[0.009414969530228294]
rxn38718_c	[0.053353302836429146]
rxn37956_c	[0.02246026448738611]
rxn32091_c	[0.02246026448738611]
rxn13940_c	[0.009990178043314287]
rxn13941_c	[0.009990178043314287]
rxn37906_c	[0.11492774621366283]
rxn33079_c	[0.020946272268980527]
rxn06798_c	[0.012046819802367038]
rxn02798_c	[0.012046819802367038]
rxn01494_c	[0.13451196813561897]
rxn16665_c	[0.06921494890954574]
rxn33688_c	[0.026812313803376363]
rxn33703_c	[0.026812313803376363]
rxn04480_c	[0.009745985750023063]
rxn04288_c	[0.009745985750023063]
rxn34771_c	[0.12308919530499618]
rxn07204_c	[0.0858308778441619]
rxn13939_c	[0.0858308778441619]
rxn38233_c	[0.015427526440598869]
rxn20202_c	[0.015427526440598869]
rxn12649_c	[0.7059816258865537]
rxn01601_c	[0.7059816258865537]
rxn30104_c	[0.7059816258865537]
rxn14120_c	[0.7059816258865537]
rxn01602_c	[0.7059816258865537]
rxn32434_c	[0.7059816258865537]
rxn33281_c	[0.019356309114884337]
rxn30979_c	[0.019356309114884337]
rxn33994_c	[0.019356309114884337]
rxn16801_c	[0.07248169914424167]
rxn02875_c	[0.015427526440598869]
rxn33098_c	[0.016876400714126796]
rxn03167_c	[0.025016143823834255]
rxn00461_c	[0.04864310482361177]
rxn38243_c	[0.11492774621366283]
rxn28327_c	[0.015427526440598869]
rxn06874_c	[0.015438379431411811]
rxn06926_c	[0.015438379431411811]
rxn38909_c	[0.07583527330544115]
rxn30397_c	[0.07583527330544115]
rxn38910_c	[0.07583527330544115]
rxn30398_c	[0.07583527330544115]
rxn10534_c	[0.015427526440598869]
rxn11595_c	[0.015427526440598869]
rxn38696_c	[0.017044622071727418]
rxn02235_c	[0.028125525691742502]
rxn01710_c	[0.028125525691742502]
rxn33067_c	[0.21133486360503795]
rxn30332_c	[0.05398820279898633]
rxn32155_c	[0.005540451810007544]
rxn31412_c	[0.005540451810007544]
rxn35692_c	[0.005540451810007544]
rxn31441_c	[0.005540451810007544]
rxn35691_c	[0.005540451810007544]
rxn27956_c	[0.005540451810007544]
rxn31439_c	[0.005540451810007544]
rxn31451_c	[0.005540451810007544]
rxn35693_c	[0.005540451810007544]
rxn33884_c	[0.004129563004324917]
rxn38535_c	[0.02666037193199516]
rxn16678_c	[0.02666037193199516]
rxn14028_c	[0.08005708673167608]
rxn04413_c	[0.2801536783499113]
rxn03537_c	[0.2801536783499113]
rxn03536_c	[0.2801536783499113]
rxn30151_c	[0.015427526440598869]
rxn05029_c	[0.07205300600713042]
rxn03535_c	[0.07205300600713042]
rxn08194_c	[0.07205300600713042]
rxn38069_c	[0.017950846804608178]
rxn37873_c	[0.019356309114884337]
rxn31786_c	[0.019356309114884337]
rxn16800_c	[0.01619266229291137]
rxn34185_c	[0.02874957266348674]
rxn30364_c	[0.019356309114884337]
rxn24829_c	[0.015427526440598869]
rxn33981_c	[0.08302537971901607]
rxn01303_c	[0.08302537971901607]
rxn08040_c	[0.019356309114884337]
rxn16246_c	[0.018162480125460574]
rxn04895_c	[0.018162480125460574]
rxn04832_c	[0.018162480125460574]
rxn04830_c	[0.018162480125460574]
rxn04873_c	[0.018162480125460574]
rxn15652_c	[0.018162480125460574]
rxn11808_c	[0.018162480125460574]
rxn04811_c	[0.018162480125460574]
rxn04894_c	[0.018162480125460574]
rxn04903_c	[0.018162480125460574]
rxn04886_c	[0.018162480125460574]
rxn31883_c	[0.018162480125460574]
rxn04810_c	[0.018162480125460574]
rxn04872_c	[0.018162480125460574]
rxn07181_c	[0.018162480125460574]
rxn04833_c	[0.018162480125460574]
rxn32152_c	[0.018162480125460574]
rxn04809_c	[0.018162480125460574]
rxn04831_c	[0.018162480125460574]
rxn04896_c	[0.018162480125460574]
rxn24149_c	[0.019356309114884337]
rxn06600_c	[0.019356309114884337]
rxn19763_c	[0.006642030377521286]
rxn03541_c	[0.06848779852507855]
rxn16758_c	[0.10913224911955113]
rxn14399_c	[0.009903354116810741]
rxn16149_c	[0.015427526440598869]
rxn24142_c	[0.2150031744998128]
rxn05054_c	[0.2150031744998128]
rxn35544_c	[0.02874957266348674]
rxn37337_c	[0.003695443371807186]
rxn27686_c	[0.019356309114884337]
rxn06983_c	[0.2150031744998128]
rxn15255_c	[0.017505874181277508]
rxn03064_c	[0.009718853272990704]
rxn31801_c	[0.01675159131977795]
rxn28081_c	[0.019356309114884337]
rxn16679_c	[0.020946272268980527]
rxn33490_c	[0.0015302717046250022]
rxn23129_c	[0.0015302717046250022]
rxn16683_c	[0.13451196813561897]
rxn16583_c	[0.015427526440598869]
rxn02011_c	[0.05247963707598721]
rxn06090_c	[0.030741096477661833]
rxn31426_c	[0.0019589648417362615]
rxn35442_c	[0.020387343242113946]
rxn01667_c	[0.020387343242113946]
rxn35242_c	[0.020387343242113946]
rxn35430_c	[0.020387343242113946]
rxn35439_c	[0.020387343242113946]
rxn34708_c	[0.015427526440598869]
rxn38011_c	[0.015427526440598869]
rxn20003_c	[0.04864310482361177]
rxn32053_c	[0.04864310482361177]
rxn30128_c	[0.006815678230528378]
rxn33706_c	[0.020946272268980527]
rxn02341_c	[0.07149407698026383]
rxn27919_c	[0.019356309114884337]
rxn11772_c	[0.019356309114884337]
rxn38134_c	[0.019356309114884337]
rxn38278_c	[0.019356309114884337]
rxn32389_c	[0.019356309114884337]
rxn03869_c	[0.019356309114884337]
rxn06522_c	[0.019356309114884337]
rxn38142_c	[0.019356309114884337]
rxn27933_c	[0.019122969812406056]
rxn27932_c	[0.019122969812406056]
rxn20661_c	[0.01702291609010153]
rxn00598_c	[0.019356309114884337]
rxn07689_c	[0.019356309114884337]
rxn19982_c	[0.019356309114884337]
rxn19979_c	[0.019356309114884337]
rxn07681_c	[0.019356309114884337]
rxn07884_c	[0.019356309114884337]
rxn03866_c	[0.019356309114884337]
rxn19989_c	[0.019356309114884337]
rxn19986_c	[0.019356309114884337]
rxn33120_c	[0.019356309114884337]
rxn07685_c	[0.019356309114884337]
rxn07880_c	[0.019356309114884337]
rxn19988_c	[0.019356309114884337]
rxn33363_c	[0.019356309114884337]
rxn03174_c	[0.12308919530499618]
rxn03421_c	[0.12308919530499618]
rxn00302_c	[0.12308919530499618]
rxn03419_c	[0.12308919530499618]
rxn34304_c	[0.002745806675674649]
rxn33231_c	[0.002745806675674649]
rxn35518_c	[0.002745806675674649]
rxn30731_c	[0.02391999175172698]
rxn03263_c	[0.02391999175172698]
rxn33299_c	[0.016876400714126796]
rxn28988_c	[0.053879672890856906]
rxn34576_c	[0.053879672890856906]
rxn12049_c	[0.053879672890856906]
rxn29959_c	[0.11492774621366283]
rxn33398_c	[0.11492774621366283]
rxn32371_c	[0.019356309114884337]
rxn33083_c	[0.04702058269707675]
rxn27109_c	[0.020946272268980527]
rxn15679_c	[0.014548434184750462]
rxn33738_c	[0.014548434184750462]
rxn07317_c	[0.014548434184750462]
rxn35629_c	[0.014548434184750462]
rxn38829_c	[0.016013587944497806]
rxn32605_c	[0.016013587944497806]
rxn35448_c	[0.11492774621366283]
rxn00407_c	[0.11492774621366283]
rxn32567_c	[0.11492774621366283]
rxn00745_c	[0.253515012399542]
rxn31834_c	[0.10752057998382904]
rxn03513_c	[0.019356309114884337]
rxn04047_c	[0.019356309114884337]
rxn34567_c	[0.025678176263423794]
rxn01669_c	[0.02334478323864099]
rxn24177_c	[0.020946272268980527]
rxn31885_c	[0.020946272268980527]
rxn35431_c	[0.253515012399542]
rxn35428_c	[0.253515012399542]
rxn38060_c	[0.0021434656855562973]
rxn01016_c	[0.0021434656855562973]
rxn30680_c	[0.0021434656855562973]
rxn02118_c	[0.013278634259636098]
rxn02415_c	[0.013278634259636098]
rxn33766_c	[0.013278634259636098]
rxn00921_c	[0.013278634259636098]
rxn14216_c	[0.06921494890954574]
rxn13976_c	[0.06921494890954574]
rxn15005_c	[0.01675159131977795]
rxn33380_c	[0.4139059371286242]
rxn38824_c	[0.13286774002745808]
rxn15633_c	[0.009876221639778382]
rxn14044_c	[0.04788882196211221]
rxn07490_c	[0.04788882196211221]
rxn00519_c	[0.07434298706866145]
rxn00305_c	[0.07434298706866145]
rxn02775_c	[0.04864310482361177]
rxn14270_c	[0.04864310482361177]
rxn32752_c	[0.013528253048333794]
rxn32758_c	[0.013528253048333794]
rxn16213_c	[0.013528253048333794]
rxn00346_c	[0.025689029254236738]
rxn33164_c	[0.014548434184750462]
rxn34626_c	[0.014548434184750462]
rxn31361_c	[0.014548434184750462]
rxn31792_c	[0.014548434184750462]
rxn27667_c	[0.014548434184750462]
rxn30334_c	[0.014548434184750462]
rxn33391_c	[0.014548434184750462]
rxn37937_c	[0.00788469782560329]
rxn38148_c	[0.08005708673167608]
rxn38254_c	[0.00788469782560329]
rxn37661_c	[0.019356309114884337]
rxn33328_c	[0.02874957266348674]
rxn34273_c	[0.01619266229291137]
rxn38499_c	[0.01619266229291137]
rxn31366_c	[0.01619266229291137]
rxn27536_c	[0.01619266229291137]
rxn31098_c	[0.005952865460899388]
rxn27525_c	[0.009518072942951254]
rxn15754_c	[0.026812313803376363]
rxn30860_c	[0.004433446747087328]
rxn33762_c	[0.004433446747087328]
rxn02400_c	[0.004433446747087328]
rxn31973_c	[0.004433446747087328]
rxn29952_c	[0.004433446747087328]
rxn31059_c	[0.004433446747087328]
rxn32982_c	[0.004433446747087328]
rxn30907_c	[0.004433446747087328]
rxn29955_c	[0.004433446747087328]
rxn30908_c	[0.004433446747087328]
rxn32378_c	[0.004433446747087328]
rxn33474_c	[0.004433446747087328]
rxn29956_c	[0.004433446747087328]
rxn04070_c	[0.07149407698026383]
rxn35537_c	[0.2150031744998128]
rxn35538_c	[0.2150031744998128]
rxn35539_c	[0.2150031744998128]
rxn31689_c	[0.017207416933921565]
rxn32991_c	[0.017207416933921565]
rxn02285_c	[0.13451196813561897]
rxn02284_c	[0.13451196813561897]
rxn38130_c	[0.007607946559873237]
rxn15964_c	[0.007607946559873237]
rxn15882_c	[0.11492774621366283]
rxn38274_c	[0.020257107352358625]
rxn38811_c	[0.019356309114884337]
rxn32093_c	[0.019356309114884337]
rxn33327_c	[0.019356309114884337]
rxn32850_c	[0.019356309114884337]
rxn32210_c	[0.019356309114884337]
rxn33082_c	[0.019356309114884337]
rxn38132_c	[0.02397968320119817]
rxn00510_c	[0.03096900928473364]
rxn31104_c	[0.020946272268980527]
rxn14132_c	[0.016534531503519082]
rxn32044_c	[0.020251680856952156]
rxn30045_c	[0.08334011645259143]
rxn01022_c	[0.0747933861873986]
rxn00133_c	[0.11492774621366283]
rxn02020_c	[0.11492774621366283]
rxn00714_c	[0.11492774621366283]
rxn32324_c	[0.11492774621366283]
rxn32021_c	[0.02261763285417379]
rxn15536_c	[0.027474346242965908]
rxn15315_c	[0.027474346242965908]
rxn03540_c	[0.024386670356683543]
rxn02128_c	[0.06026665798427402]
rxn12510_c	[0.06026665798427402]
rxn03047_c	[0.06026665798427402]
rxn38070_c	[0.02825033508609135]
rxn03372_c	[0.003044263923030589]
rxn27688_c	[0.003044263923030589]
rxn15146_c	[0.019356309114884337]
rxn02943_c	[0.019356309114884337]
rxn38359_c	[0.18460937372816513]
rxn33404_c	[0.18460937372816513]
rxn34232_c	[0.18460937372816513]
rxn02405_c	[0.019356309114884337]
rxn11766_c	[0.02874957266348674]
rxn32969_c	[0.02874957266348674]
rxn11765_c	[0.02874957266348674]
rxn38024_c	[0.019356309114884337]
rxn32386_c	[0.019356309114884337]
rxn11773_c	[0.02874957266348674]
rxn33365_c	[0.02874957266348674]
rxn16623_c	[0.06848779852507855]
rxn22826_c	[0.06848779852507855]
rxn22827_c	[0.06848779852507855]
rxn35454_c	[0.017560139135342222]
rxn07474_c	[0.012258453123219432]
rxn38043_c	[0.019356309114884337]
rxn32242_c	[0.019356309114884337]
rxn32174_c	[0.006745133790244246]
rxn05114_c	[0.09853430359071202]
rxn20046_c	[0.11492774621366283]
rxn27816_c	[0.019356309114884337]
rxn27815_c	[0.019356309114884337]
rxn32932_c	[0.01898188093183779]
rxn33143_c	[0.01898188093183779]
rxn10504_c	[0.04912063641938127]
rxn10505_c	[0.04912063641938127]
rxn33750_c	[0.012404968499194166]
rxn04841_c	[0.0834974848193791]
rxn04840_c	[0.0834974848193791]
rxn33349_c	[0.0834974848193791]
rxn02986_c	[0.025222350649280176]
rxn16806_c	[0.025222350649280176]
rxn32413_c	[0.05799838290436887]
rxn35418_c	[0.05799838290436887]
rxn28089_c	[0.05799838290436887]
rxn30338_c	[0.05799838290436887]
rxn33484_c	[0.05799838290436887]
rxn35424_c	[0.05799838290436887]
rxn33568_c	[0.05858987090367428]
rxn00367_c	[0.06921494890954574]
rxn00463_c	[0.06921494890954574]
rxn32148_c	[0.05858987090367428]
rxn02176_c	[0.06921494890954574]
rxn29978_c	[0.06921494890954574]
rxn02154_c	[0.06921494890954574]
rxn38181_c	[0.06921494890954574]
rxn33891_c	[0.06921494890954574]
rxn08113_c	[0.03141398190806432]
rxn38284_c	[0.03141398190806432]
rxn33610_c	[0.15852963680466245]
rxn31994_c	[0.01294761803984133]
rxn27997_c	[0.013522826552927324]
rxn03901_c	[0.027360389839430004]
rxn01610_c	[0.004276078380299651]
rxn32473_c	[0.009718853272990704]
rxn27685_c	[0.009718853272990704]
rxn16520_c	[0.005410215920252224]
rxn06112_c	[0.026676651418214573]
rxn33637_c	[0.01294761803984133]
rxn35351_c	[0.01294761803984133]
rxn32500_c	[0.01294761803984133]
rxn32798_c	[0.01294761803984133]
rxn31783_c	[0.01294761803984133]
rxn31982_c	[0.01294761803984133]
rxn16837_c	[0.25215296205251764]
rxn12005_c	[0.25215296205251764]
rxn07492_c	[0.07332280593224479]
rxn00629_c	[0.032000043411963254]
rxn30618_c	[0.05900228455456613]
rxn20619_c	[0.016279486219414916]
rxn30763_c	[0.449720806811337]
rxn02286_c	[0.017950846804608178]
rxn31528_c	[0.03096900928473364]
rxn35554_c	[0.01357166501158557]
rxn30541_c	[0.01357166501158557]
rxn35553_c	[0.01357166501158557]
rxn35551_c	[0.01357166501158557]
rxn35549_c	[0.01357166501158557]
rxn31250_c	[0.01357166501158557]
rxn31394_c	[0.013338325709107287]
rxn15833_c	[0.2489404767718864]
rxn03439_c	[0.020946272268980527]
rxn16607_c	[0.020946272268980527]
rxn03182_c	[0.020946272268980527]
rxn06864_c	[0.08534249325757946]
rxn00792_c	[0.08534249325757946]
rxn01146_c	[0.41330359613850587]
rxn01648_c	[0.41330359613850587]
rxn01358_c	[0.41330359613850587]
rxn30188_c	[0.41330359613850587]
rxn30189_c	[0.41330359613850587]
rxn33382_c	[0.41330359613850587]
rxn01366_c	[0.41330359613850587]
rxn03030_c	[0.02407736011851466]
rxn35519_c	[0.003852811738594863]
rxn38539_c	[0.01891133649155366]
rxn33241_c	[0.009718853272990704]
rxn32343_c	[0.009718853272990704]
rxn35480_c	[0.009718853272990704]
rxn38104_c	[0.08072997216207857]
rxn38135_c	[0.08072997216207857]
rxn38099_c	[0.08072997216207857]
rxn16150_c	[0.017424476750180433]
rxn19213_c	[0.019356309114884337]
rxn30697_c	[0.25215296205251764]
rxn27789_c	[0.019356309114884337]
rxn01203_c	[0.028342585508001367]
rxn01202_c	[0.028342585508001367]
rxn30897_c	[0.02407736011851466]
rxn28001_c	[0.02407736011851466]
rxn28169_c	[0.02407736011851466]
rxn02196_c	[0.03079536143172655]
rxn06485_c	[0.02261763285417379]
rxn00965_c	[0.25215296205251764]
rxn19836_c	[0.0053776569478133935]
rxn37953_c	[0.01543295293600534]
rxn05107_c	[0.25215296205251764]
rxn01142_c	[0.020946272268980527]
rxn01064_c	[0.05574096081527667]
rxn32658_c	[0.019356309114884337]
rxn33497_c	[0.019356309114884337]
rxn38344_c	[0.019356309114884337]
rxn31397_c	[0.003434971592296547]
rxn31381_c	[0.003434971592296547]
rxn11962_c	[0.003434971592296547]
rxn06043_c	[0.02622082580407096]
rxn16544_c	[0.0266332394549628]
rxn33166_c	[0.05058579017912861]
rxn07585_c	[0.019356309114884337]
rxn15699_c	[0.019356309114884337]
rxn30386_c	[0.007645932027718539]
rxn38078_c	[0.007645932027718539]
rxn31329_c	[0.007645932027718539]
rxn16206_c	[0.0060939543414676505]
rxn35345_c	[0.0060939543414676505]
rxn19898_c	[0.025678176263423794]
rxn00615_c	[0.01943770654598141]
rxn35246_c	[0.07129329665022438]
rxn32777_c	[0.07129329665022438]
rxn33736_c	[0.02874957266348674]
rxn03236_c	[0.25215296205251764]
rxn31235_c	[0.008297111476495134]
rxn16641_c	[0.013126692388254894]
rxn32471_c	[0.07940048078749301]
rxn31866_c	[0.25215296205251764]
rxn19830_c	[0.048648531319018244]
rxn31790_c	[0.016876400714126796]
rxn33374_c	[0.012258453123219432]
rxn32803_c	[0.025689029254236738]
rxn32571_c	[0.025689029254236738]
rxn32492_c	[0.025689029254236738]
rxn34257_c	[0.025689029254236738]
rxn33087_c	[0.025689029254236738]
rxn38004_c	[0.025689029254236738]
rxn31773_c	[0.021005963718451714]
rxn12039_c	[0.021005963718451714]
rxn21212_c	[0.021005963718451714]
rxn31997_c	[0.021005963718451714]
rxn21114_c	[0.021005963718451714]
rxn03358_c	[0.021005963718451714]
rxn21214_c	[0.021005963718451714]
rxn11875_c	[0.021005963718451714]
rxn27000_c	[0.021005963718451714]
rxn19157_c	[0.021005963718451714]
rxn03195_c	[0.021005963718451714]
rxn12038_c	[0.021005963718451714]
rxn03359_c	[0.021005963718451714]
rxn01715_c	[0.021005963718451714]
rxn21216_c	[0.021005963718451714]
rxn03342_c	[0.021005963718451714]
rxn33386_c	[0.021005963718451714]
rxn21211_c	[0.021005963718451714]
rxn02144_c	[0.13286774002745808]
rxn30580_c	[0.41330359613850587]
rxn30431_c	[0.0008248273017836891]
rxn30429_c	[0.0008248273017836891]
rxn30430_c	[0.0008248273017836891]
rxn30428_c	[0.0008248273017836891]
rxn32580_c	[0.016279486219414916]
rxn01361_c	[0.02874957266348674]
rxn03039_c	[0.019356309114884337]
rxn35432_c	[0.010098707951443719]
rxn32399_c	[0.01338173767235906]
rxn32462_c	[0.016523678512706138]
rxn38136_c	[0.013273207764229628]
rxn01025_c	[0.4709926688047059]
rxn02090_c	[0.4709926688047059]
rxn00717_c	[0.4709926688047059]
rxn27716_c	[0.06188375361540257]
rxn16742_c	[0.13971055073501878]
rxn01352_c	[0.019356309114884337]
rxn04482_c	[0.010109560942256662]
rxn31942_c	[0.01947569201382671]
rxn32204_c	[0.01947569201382671]
rxn00801_c	[0.6112675750619978]
rxn16574_c	[0.02874957266348674]
rxn10476_c	[0.017435329740993374]
rxn05115_c	[0.0858308778441619]
rxn00143_c	[0.342292477249418]
rxn30734_c	[0.342292477249418]
rxn30380_c	[0.3520818749626929]
rxn30369_c	[0.3520818749626929]
rxn35281_c	[0.04702058269707675]
rxn11997_c	[0.019356309114884337]
rxn02791_c	[0.019356309114884337]
rxn05952_c	[0.019356309114884337]
rxn31443_c	[0.019356309114884337]
rxn06817_c	[0.019356309114884337]
rxn06025_c	[0.019356309114884337]
rxn33431_c	[0.019356309114884337]
rxn31675_c	[0.019356309114884337]
rxn31408_c	[0.08983020495873151]
rxn06348_c	[0.08334011645259143]
rxn32132_c	[0.010098707951443719]
rxn38123_c	[0.03159848275188435]
rxn03514_c	[0.05740146840965699]
rxn30072_c	[0.05740146840965699]
rxn03408_c	[0.06848779852507855]
rxn03933_c	[0.06848779852507855]
rxn15053_c	[0.008297111476495134]
rxn33432_c	[0.008297111476495134]
rxn00196_c	[0.008297111476495134]
rxn33696_c	[0.008297111476495134]
rxn31895_c	[0.008297111476495134]
rxn33132_c	[0.008297111476495134]
rxn32139_c	[0.008297111476495134]
rxn31362_c	[0.008297111476495134]
rxn32516_c	[0.008297111476495134]
rxn32956_c	[0.008297111476495134]
rxn32720_c	[0.008297111476495134]
rxn06890_c	[0.008297111476495134]
rxn04234_c	[0.008297111476495134]
rxn31901_c	[0.008297111476495134]
rxn03598_c	[0.008297111476495134]
rxn33557_c	[0.008297111476495134]
rxn02122_c	[0.008297111476495134]
rxn30209_c	[0.008297111476495134]
rxn32259_c	[0.05570840184283784]
rxn16581_c	[0.016539957998925554]
rxn27692_c	[0.019356309114884337]
rxn30710_c	[0.019356309114884337]
rxn06729_c	[0.024625436154568296]
rxn32749_c	[0.10845936368914864]
rxn31977_c	[0.2150031744998128]
rxn30256_c	[0.02407736011851466]
rxn33856_c	[0.019356309114884337]
rxn38244_c	[0.032000043411963254]
rxn02000_c	[0.06848779852507855]
rxn31946_c	[0.06848779852507855]
rxn33242_c	[0.012366983031348864]
rxn32058_c	[0.012366983031348864]
rxn33488_c	[0.05900228455456613]
rxn32595_c	[0.11492774621366283]
rxn28256_c	[0.07833688768782458]
rxn20499_c	[0.07375149906935603]
rxn19071_c	[0.07375149906935603]
rxn30578_c	[0.02874957266348674]
rxn27936_c	[0.009811103694900722]
rxn05918_c	[0.01747331520883868]
rxn27994_c	[0.06848779852507855]
rxn32907_c	[0.06848779852507855]
rxn31264_c	[0.06848779852507855]
rxn33298_c	[0.06848779852507855]
rxn28045_c	[0.06848779852507855]
rxn06850_c	[0.04864310482361177]
rxn16789_c	[0.09023719211421688]
rxn16573_c	[0.1001242667448082]
rxn38257_c	[0.006560632946424211]
rxn19488_c	[0.48370694754206894]
rxn34739_c	[0.011612700169849307]
rxn03617_c	[0.011612700169849307]
rxn34735_c	[0.011612700169849307]
rxn34736_c	[0.011612700169849307]
rxn34737_c	[0.011612700169849307]
rxn34734_c	[0.011612700169849307]
rxn34738_c	[0.011612700169849307]
rxn27455_c	[0.011612700169849307]
rxn27889_c	[0.005540451810007544]
rxn27887_c	[0.005540451810007544]
rxn32796_c	[0.015438379431411811]
rxn35488_c	[0.015438379431411811]
rxn02788_c	[0.4139059371286242]
rxn03690_c	[0.4139059371286242]
rxn04464_c	[0.016876400714126796]
rxn19646_c	[0.019806708233621483]
rxn04961_c	[0.153542687526115]
rxn30378_c	[0.20005317965498345]
rxn27286_c	[0.025618484813952607]
rxn35247_c	[0.0689381976438157]
rxn06023_c	[0.020946272268980527]
rxn35449_c	[0.05900228455456613]
rxn28979_c	[0.009632029346487159]
rxn03264_c	[0.009632029346487159]
rxn32253_c	[0.00788469782560329]
rxn30355_c	[0.00788469782560329]
rxn33740_c	[0.00788469782560329]
rxn33295_c	[0.00788469782560329]
rxn34671_c	[0.00788469782560329]
rxn28091_c	[0.05549134202657898]
rxn34299_c	[0.05549134202657898]
rxn09177_c	[0.14546263586587874]
rxn16195_c	[0.05206722342509537]
rxn28051_c	[0.032000043411963254]
rxn02432_c	[0.024880481438672462]
rxn02433_c	[0.024880481438672462]
rxn38143_c	[0.06921494890954574]
rxn02939_c	[0.06848779852507855]
rxn07587_c	[0.016876400714126796]
rxn35352_c	[0.0858308778441619]
rxn30743_c	[0.015427526440598869]
rxn02450_c	[0.04864310482361177]
rxn15365_c	[0.04864310482361177]
rxn06375_c	[0.04864310482361177]
rxn15666_c	[0.04864310482361177]
rxn04598_c	[0.046369403248300155]
rxn04597_c	[0.046369403248300155]
rxn32619_c	[0.012258453123219432]
rxn15667_c	[0.019356309114884337]
rxn32257_c	[0.05858987090367428]
rxn35316_c	[0.09058991431563754]
rxn05890_c	[0.09058991431563754]
rxn35311_c	[0.12308919530499618]
rxn35310_c	[0.12308919530499618]
rxn00290_c	[0.009463807988886538]
rxn27845_c	[0.016876400714126796]
rxn32978_c	[0.027072785582887005]
rxn01857_c	[0.25215296205251764]
rxn04160_c	[0.030741096477661833]
rxn35343_c	[0.02027338683857804]
rxn32750_c	[0.02027338683857804]
rxn34231_c	[0.019356309114884337]
rxn01153_c	[0.05900228455456613]
rxn06224_c	[0.019356309114884337]
rxn04052_c	[0.022677324303644976]
rxn03512_c	[0.022677324303644976]
rxn09037_c	[0.01814077414383469]
rxn01990_c	[0.019356309114884337]
rxn02346_c	[0.019356309114884337]
rxn20041_c	[0.1001242667448082]
rxn20040_c	[0.1001242667448082]
rxn03669_c	[0.1001242667448082]
rxn07484_c	[0.1001242667448082]
rxn03596_c	[0.1001242667448082]
rxn03668_c	[0.1001242667448082]
rxn07485_c	[0.1001242667448082]
rxn27717_c	[0.020946272268980527]
rxn34220_c	[0.04864310482361177]
rxn33486_c	[0.04864310482361177]
rxn38399_c	[0.04864310482361177]
rxn01750_c	[0.019356309114884337]
rxn07879_c	[0.0689381976438157]
rxn27937_c	[0.0689381976438157]
rxn27788_c	[0.019356309114884337]
rxn38276_c	[0.019356309114884337]
rxn34254_c	[0.019356309114884337]
rxn28146_c	[0.020251680856952156]
rxn16824_c	[0.11492774621366283]
rxn38273_c	[0.020946272268980527]
rxn38113_c	[0.006376132102604176]
rxn34718_c	[0.028803837617551457]
rxn31323_c	[0.028803837617551457]
rxn30156_c	[0.028803837617551457]
rxn31887_c	[0.028803837617551457]
rxn31322_c	[0.028803837617551457]
rxn31225_c	[0.028803837617551457]
rxn31324_c	[0.028803837617551457]
rxn34716_c	[0.028803837617551457]
rxn31321_c	[0.028803837617551457]
rxn31325_c	[0.028803837617551457]
rxn31326_c	[0.028803837617551457]
rxn34710_c	[0.028803837617551457]
rxn30116_c	[0.028803837617551457]
rxn31327_c	[0.028803837617551457]
rxn34709_c	[0.028803837617551457]
rxn37889_c	[0.028803837617551457]
rxn34717_c	[0.028803837617551457]
rxn32591_c	[0.026812313803376363]
rxn28109_c	[0.34131028158084664]
rxn28046_c	[0.34131028158084664]
rxn01107_c	[0.2150031744998128]
rxn32924_c	[0.2150031744998128]
rxn02663_c	[0.2150031744998128]
rxn27818_c	[0.019356309114884337]
rxn35527_c	[0.019356309114884337]
rxn32553_c	[0.019356309114884337]
rxn20608_c	[0.07583527330544115]
rxn03057_c	[0.09041083996722397]
rxn03809_c	[0.11004390034783836]
rxn03821_c	[0.11004390034783836]
rxn02518_c	[0.05858987090367428]
rxn01962_c	[0.05858987090367428]
rxn32974_c	[0.05858987090367428]
rxn38029_c	[0.019356309114884337]
rxn29946_c	[0.019356309114884337]
rxn34729_c	[0.014825185450480517]
rxn34728_c	[0.014825185450480517]
rxn34732_c	[0.014825185450480517]
rxn04274_c	[0.014825185450480517]
rxn37816_c	[0.014825185450480517]
rxn02949_c	[0.014825185450480517]
rxn34731_c	[0.014825185450480517]
rxn35541_c	[0.014825185450480517]
rxn04275_c	[0.014825185450480517]
rxn07882_c	[0.014825185450480517]
rxn34730_c	[0.014825185450480517]
rxn32064_c	[0.014825185450480517]
rxn34733_c	[0.014825185450480517]
rxn37861_c	[0.014825185450480517]
rxn32636_c	[0.014825185450480517]
rxn14250_c	[0.09413884231146998]
rxn35698_c	[0.017044622071727418]
rxn27708_c	[0.017044622071727418]
rxn03978_c	[0.020946272268980527]
rxn03150_c	[1.0]
rxn33387_c	[0.007092429496258432]
rxn33015_c	[0.007092429496258432]
rxn27543_c	[0.007092429496258432]
rxn32196_c	[0.007092429496258432]
rxn27876_c	[0.14940769802638362]
rxn28100_c	[0.00950721995213831]
rxn03903_c	[0.09853430359071202]
rxn03904_c	[0.09853430359071202]
rxn38117_c	[0.020257107352358625]
rxn20503_c	[0.07833688768782458]
rxn33359_c	[0.25215296205251764]
rxn27432_c	[0.02355099006408691]
rxn35415_c	[0.02355099006408691]
rxn30643_c	[0.0037551348212783737]
rxn04301_c	[0.2150031744998128]
rxn16543_c	[0.010109560942256662]
rxn13947_c	[0.022937796083155618]
rxn16611_c	[0.022937796083155618]
rxn30396_c	[0.13451196813561897]
rxn27724_c	[0.02666037193199516]
rxn25051_c	[0.009718853272990704]
rxn32171_c	[0.009718853272990704]
rxn33806_c	[0.009718853272990704]
rxn31423_c	[0.020376490251301]
rxn31088_c	[0.006642030377521286]
rxn03446_c	[0.006642030377521286]
rxn31868_c	[0.015427526440598869]
rxn31335_c	[0.015427526440598869]
rxn38459_c	[0.015427526440598869]
rxn38097_c	[0.015427526440598869]
rxn29006_c	[0.019356309114884337]
rxn30068_c	[0.019356309114884337]
rxn30020_c	[0.0834974848193791]
rxn27110_c	[0.13451196813561897]
rxn27766_c	[0.032000043411963254]
rxn28376_c	[0.032000043411963254]
rxn32095_c	[0.012111937747244698]
rxn16399_c	[0.019356309114884337]
rxn00702_c	[0.019356309114884337]
rxn19892_c	[0.03128917251371546]
rxn19896_c	[0.03128917251371546]
rxn28381_c	[0.03128917251371546]
rxn03951_c	[0.019356309114884337]
rxn05116_c	[0.019356309114884337]
rxn11663_c	[0.019356309114884337]
rxn06044_c	[0.0505695106929092]
rxn03491_c	[0.019356309114884337]
rxn01160_c	[0.031669027192168485]
rxn11794_c	[0.019356309114884337]
rxn30384_c	[0.006642030377521286]
rxn11768_c	[0.007645932027718539]
rxn27944_c	[0.007645932027718539]
rxn38087_c	[0.25215296205251764]
rxn32318_c	[0.017706654511316953]
rxn28082_c	[0.05900228455456613]
rxn33078_c	[0.07149407698026383]
rxn32939_c	[0.032000043411963254]
rxn32176_c	[0.032000043411963254]
rxn30665_c	[0.06848779852507855]
rxn31218_c	[0.06848779852507855]
rxn33182_c	[0.019356309114884337]
rxn32643_c	[0.18460937372816513]
rxn16666_c	[0.017006636603882117]
rxn27779_c	[0.023995962687417584]
rxn16582_c	[0.08983020495873151]
rxn31867_c	[0.07104367786152668]
rxn32754_c	[0.030741096477661833]
rxn32559_c	[0.07082661804526784]
rxn38693_c	[0.12514041056864247]
rxn31960_c	[0.12514041056864247]
rxn01252_c	[0.12514041056864247]
rxn01251_c	[0.12514041056864247]
rxn32228_c	[0.026812313803376363]
rxn26481_c	[0.014353080350117484]
rxn19956_c	[0.014353080350117484]
rxn06045_c	[0.25215296205251764]
rxn32684_c	[0.019356309114884337]
rxn04999_c	[0.0015302717046250022]
rxn05047_c	[0.0015302717046250022]
rxn02440_c	[0.0834974848193791]
rxn02438_c	[0.0834974848193791]
rxn25216_c	[0.0834974848193791]
rxn00748_c	[0.04897954753881301]
rxn00988_c	[0.0858308778441619]
rxn38030_c	[0.019356309114884337]
rxn16503_c	[0.02874957266348674]
rxn31436_c	[0.0858308778441619]
rxn34262_c	[0.05599600609938084]
rxn33867_c	[0.05599600609938084]
rxn02655_c	[0.12308919530499618]
rxn32814_c	[0.014168579506297447]
rxn32287_c	[0.014168579506297447]
rxn27983_c	[0.020946272268980527]
rxn00193_c	[0.13451196813561897]
rxn33318_c	[0.020251680856952156]
rxn30708_c	[0.08065400122638797]
rxn07580_c	[0.019806708233621483]
rxn37546_c	[0.019356309114884337]
rxn28987_c	[0.08645492481590614]
rxn02774_c	[0.08645492481590614]
rxn03511_c	[0.019356309114884337]
rxn19322_c	[0.7059816258865537]
rxn00347_c	[0.022612206358767317]
rxn00297_c	[0.013273207764229628]
rxn33400_c	[0.003852811738594863]
rxn03378_c	[0.003852811738594863]
rxn01034_c	[0.1486479886694776]
rxn34191_c	[0.1486479886694776]
rxn34196_c	[0.1486479886694776]
rxn33062_c	[0.0162632067331955]
rxn33193_c	[0.0162632067331955]
rxn03126_c	[0.009914207107623684]
rxn02008_c	[0.06026665798427402]
rxn15139_c	[0.01564458625685773]
rxn15469_c	[0.01564458625685773]
rxn34778_c	[0.01564458625685773]
rxn34772_c	[0.01564458625685773]
rxn38342_c	[0.01564458625685773]
rxn34777_c	[0.01564458625685773]
rxn33707_c	[0.01564458625685773]
rxn38341_c	[0.01564458625685773]
rxn34769_c	[0.01564458625685773]
rxn34775_c	[0.01564458625685773]
rxn34779_c	[0.01564458625685773]
rxn07476_c	[0.019356309114884337]
rxn31452_c	[0.027072785582887005]
rxn33550_c	[0.054091306211709295]
rxn33573_c	[0.054091306211709295]
rxn33383_c	[0.054091306211709295]
rxn14393_c	[0.054091306211709295]
rxn31847_c	[0.054091306211709295]
rxn00107_c	[0.054091306211709295]
rxn32308_c	[0.054091306211709295]
rxn33340_c	[0.054091306211709295]
rxn33024_c	[0.054091306211709295]
rxn32898_c	[0.054091306211709295]
rxn32981_c	[0.054091306211709295]
rxn02517_c	[0.054091306211709295]
rxn04550_c	[0.012111937747244698]
rxn16315_c	[0.23581921087903798]
rxn13975_c	[0.007092429496258432]
rxn14156_c	[0.007092429496258432]
rxn14059_c	[0.007092429496258432]
rxn14278_c	[0.007092429496258432]
rxn13995_c	[0.007092429496258432]
rxn14248_c	[0.007092429496258432]
rxn32424_c	[0.017505874181277508]
rxn33129_c	[0.017505874181277508]
rxn00621_c	[0.12308919530499618]
rxn31437_c	[0.016523678512706138]
rxn33633_c	[0.019356309114884337]
rxn30447_c	[0.13451196813561897]
rxn33672_c	[0.13451196813561897]
rxn28646_c	[0.25215296205251764]
rxn15233_c	[0.05900228455456613]
rxn30983_c	[0.019356309114884337]
rxn38055_c	[0.04864310482361177]
rxn38053_c	[0.04864310482361177]
rxn38054_c	[0.04864310482361177]
rxn32851_c	[0.030876758862823622]
rxn33140_c	[0.019171808271064298]
rxn06086_c	[0.019171808271064298]
rxn05963_c	[0.019171808271064298]
rxn03440_c	[0.019356309114884337]
rxn31241_c	[0.02874957266348674]
rxn20630_c	[0.054091306211709295]
rxn03445_c	[0.054091306211709295]
rxn06979_c	[0.030903891339855983]
rxn06887_c	[0.030903891339855983]
rxn04588_c	[0.009414969530228294]
rxn27916_c	[0.03159848275188435]
rxn37640_c	[0.10936016192662293]
rxn01844_c	[0.019356309114884337]
rxn16323_c	[0.48370694754206894]
rxn15478_c	[0.017961699795421126]
rxn16798_c	[0.019356309114884337]
rxn00879_c	[0.019356309114884337]
rxn16343_c	[0.05309283105691851]
rxn00265_c	[0.012291012095658261]
rxn16151_c	[0.014130594038452146]
rxn01037_c	[0.019356309114884337]
rxn02483_c	[0.0858308778441619]
rxn16792_c	[0.0834974848193791]
rxn03867_c	[0.07149407698026383]
rxn34770_c	[0.253515012399542]
rxn20026_c	[0.14546263586587874]
rxn32556_c	[0.13451196813561897]
rxn33412_c	[0.02874957266348674]
rxn27785_c	[0.02689371123447344]
rxn01416_c	[0.011520449747939289]
rxn02229_c	[0.011520449747939289]
rxn31983_c	[0.020322225297236287]
rxn35283_c	[0.05404246775305105]
rxn04934_c	[0.0060939543414676505]
rxn34245_c	[0.0060939543414676505]
rxn38153_c	[0.14940769802638362]
rxn00715_c	[0.062138798899506735]
rxn01679_c	[0.062138798899506735]
rxn01370_c	[0.062138798899506735]
rxn01705_c	[0.062138798899506735]
rxn00707_c	[0.062138798899506735]
rxn38833_c	[0.062138798899506735]
rxn01515_c	[0.062138798899506735]
rxn00368_c	[0.062138798899506735]
rxn00712_c	[0.062138798899506735]
rxn01706_c	[0.062138798899506735]
rxn01510_c	[0.062138798899506735]
rxn00365_c	[0.062138798899506735]
rxn01674_c	[0.062138798899506735]
rxn01516_c	[0.062138798899506735]
rxn00369_c	[0.062138798899506735]
rxn11760_c	[0.062138798899506735]
rxn01128_c	[0.062138798899506735]
rxn38831_c	[0.062138798899506735]
rxn01129_c	[0.062138798899506735]
rxn06080_c	[0.02407736011851466]
rxn38121_c	[0.15852963680466245]
rxn28560_c	[0.25215296205251764]
rxn28309_c	[0.08810457941947353]
rxn02716_c	[0.08810457941947353]
rxn33035_c	[0.02874957266348674]
rxn14274_c	[0.02424015498070881]
rxn14311_c	[0.02424015498070881]
rxn07267_c	[0.449720806811337]
rxn00984_c	[0.48370694754206894]
rxn24414_c	[0.02407736011851466]
rxn30089_c	[0.056305316337549725]
rxn03087_c	[0.056305316337549725]
rxn05104_c	[0.016583369962177328]
rxn33042_c	[0.26869834654684965]
rxn28543_c	[0.019356309114884337]
rxn01973_c	[0.04521355972672169]
rxn32376_c	[0.02874957266348674]
rxn27531_c	[0.009876221639778382]
biomass_GmNeg	[0.032000043411963254, 0.0008248273017836891]
rxn29122_c	[0.032000043411963254]
EX_cpd00030_e	[0.032000043411963254]
EX_cpd00107_e	[0.032000043411963254]
rxn08311_c	[0.032000043411963254]
EX_cpd00205_e	[0.032000043411963254]
EX_cpd00065_e	[0.032000043411963254]
EX_cpd00069_e	[0.032000043411963254]
rxn05245_c	[0.032000043411963254]
EX_cpd00104_e	[0.032000043411963254]
EX_cpd00644_e	[0.032000043411963254]
EX_cpd00039_e	[0.032000043411963254]
rxn29888_c	[0.032000043411963254]
rxn08856_c	[0.032000043411963254]
rxn00399_c	[0.032000043411963254]
SNK_cpd03187_c	[0.032000043411963254]
rxn08747_c	[0.032000043411963254]
rxn00569_c	[0.032000043411963254]
rxn09113_c	[0.032000043411963254]
EX_cpd10515_e	[0.032000043411963254]
cofactor_rxn	[0.032000043411963254]
rxn09065_c	[0.032000043411963254]
EX_cpd00149_e	[0.032000043411963254]
rxn08947_c	[0.032000043411963254]
rxn08155_c	[0.032000043411963254]
rxn08241_c	[0.032000043411963254]
rxn05206_c	[0.032000043411963254]
rxn10213_c	[0.032000043411963254]
rxn24108_c	[0.032000043411963254]
rxn34523_c	[0.032000043411963254]
EX_cpd00393_e	[0.032000043411963254]
EX_cpd00226_e	[0.032000043411963254]
rxn09300_c	[0.032000043411963254]
EX_cpd00051_e	[0.032000043411963254]
SNK_cpd00242_c	[0.032000043411963254]
rxn08738_c	[0.032000043411963254]
EX_cpd00099_e	[0.032000043411963254]
EX_cpd00305_e	[0.032000043411963254]
rxn08920_c	[0.032000043411963254]
rxn08284_c	[0.032000043411963254]
rxn01207_c	[0.032000043411963254]
EX_cpd00263_e	[0.032000043411963254]
protein_rxn	[0.032000043411963254]
rna_rxn	[0.032000043411963254]
rxn05242_c	[0.032000043411963254]
rxn08307_c	[0.032000043411963254]
EX_cpd00254_e	[0.032000043411963254]
rxn13097_c	[0.032000043411963254]
rxn00938_c	[0.032000043411963254]
rxn08786_c	[0.032000043411963254]
rxn10202_c	[0.032000043411963254]
rxn10281_c	[0.032000043411963254]
EX_cpd00060_e	[0.032000043411963254]
dna_rxn	[0.032000043411963254]
EX_cpd00156_e	[0.032000043411963254]
rxn08309_c	[0.032000043411963254]
EX_cpd00129_e	[0.032000043411963254]
rxn09111_c	[0.032000043411963254]
rxn10280_c	[0.032000043411963254]
rxn05222_c	[0.032000043411963254]
rxn10867_c	[0.032000043411963254]
EX_cpd00322_e	[0.032000043411963254]
rxn08721_c	[0.032000043411963254]
rxn00339_c	[0.032000043411963254]
rxn09106_c	[0.032000043411963254]
EX_cpd00971_e	[0.032000043411963254]
EX_cpd00220_e	[0.032000043411963254]
rxn09063_c	[0.032000043411963254]
rxn09109_c	[0.032000043411963254]
rxn10211_c	[0.032000043411963254]
EX_cpd00119_e	[0.032000043411963254]
rxn09121_c	[0.032000043411963254]
rxn10204_c	[0.032000043411963254]
rxn09427_c	[0.032000043411963254]
rxn25583_c	[0.032000043411963254]
rxn05224_c	[0.032000043411963254]
rxn10272_c	[0.032000043411963254]
EX_cpd00063_e	[0.032000043411963254]
rxn08234_c	[0.032000043411963254]
EX_cpd00023_e	[0.032000043411963254]
rxn32502_c	[0.032000043411963254]
EX_cpd00009_e	[0.032000043411963254]
EX_cpd00084_e	[0.032000043411963254]
EX_biomass	[0.032000043411963254]
rxn10212_c	[0.032000043411963254]
rxn10271_c	[0.032000043411963254]
rxn10203_c	[0.032000043411963254]
rxn09339_c	[0.032000043411963254]
rxn05616_c	[0.032000043411963254]
EX_cpd00133_e	[0.032000043411963254]
rxn08186_c	[0.032000043411963254]
rxn00001_c	[0.032000043411963254]
rxn00465_c	[0.032000043411963254]
lipid_rxn	[0.032000043411963254]
EX_cpd00035_e	[0.032000043411963254]
EX_cpd00132_e	[0.032000043411963254]
EX_cpd00041_e	[0.032000043411963254]
EX_cpd00053_e	[0.032000043411963254]
EX_cpd00033_e	[0.032000043411963254]
EX_cpd00066_e	[0.032000043411963254]
EX_cpd00054_e	[0.032000043411963254]
EX_cpd00161_e	[0.032000043411963254]
EX_cpd00027_e	[0.032000043411963254]
rxn05220_c	[0.032000043411963254]
rxn08625_c	[0.032000043411963254]
rxn08617_c	[0.032000043411963254]
rxn05215_c	[0.032000043411963254]
rxn09307_c	[0.032000043411963254]
rxn09248_c	[0.032000043411963254]
rxn09118_c	[0.032000043411963254]
rxn05218_c	[0.032000043411963254]
SNK_cpd00528_c	[0.032000043411963254]
rxn08170_c	[0.032000043411963254]
