"","label","group"
"1","temp29_1","29°C"
"2","temp29_2","29°C"
"3","temp29_3","29°C"
"4","temp29_4","29°C"
"5","temp29_5","29°C"
"6","temp29_6","29°C"
"7","temp29_7","29°C"
"8","temp29_8","29°C"
"9","temp29_9","29°C"
"10","temp29_10","29°C"
"11","temp29_11","29°C"
"12","temp29_12","29°C"
"13","temp29_13","29°C"
"14","temp29_14","29°C"
"15","temp29_15","29°C"
"16","temp29_16","29°C"
"17","temp29_17","29°C"
"18","temp29_18","29°C"
"19","temp29_19","29°C"
"20","temp29_20","29°C"
"21","temp29_21","29°C"
"22","temp29_22","29°C"
"23","temp29_23","29°C"
"24","temp29_24","29°C"
"25","temp29_25","29°C"
"26","temp29_26","29°C"
"27","temp29_27","29°C"
"28","temp29_28","29°C"
"29","temp29_29","29°C"
"30","temp29_30","29°C"
"31","temp29_31","29°C"
"32","temp29_32","29°C"
"33","temp29_33","29°C"
"34","temp29_34","29°C"
"35","temp29_35","29°C"
"36","temp29_36","29°C"
"37","temp29_37","29°C"
"38","temp29_38","29°C"
"39","temp29_39","29°C"
"40","temp29_40","29°C"
"41","temp29_41","29°C"
"42","temp29_42","29°C"
"43","temp29_43","29°C"
"44","temp29_44","29°C"
"45","temp29_45","29°C"
"46","temp29_46","29°C"
"47","temp29_47","29°C"
"48","temp29_48","29°C"
"49","temp29_49","29°C"
"50","temp29_50","29°C"
"51","temp29_51","29°C"
"52","temp29_52","29°C"
"53","temp29_53","29°C"
"54","temp29_54","29°C"
"55","temp29_55","29°C"
"56","temp29_56","29°C"
"57","temp29_57","29°C"
"58","temp29_58","29°C"
"59","temp29_59","29°C"
"60","temp29_60","29°C"
"61","temp29_61","29°C"
"62","temp29_62","29°C"
"63","temp29_63","29°C"
"64","temp29_64","29°C"
"65","temp29_65","29°C"
"66","temp29_66","29°C"
"67","temp29_67","29°C"
"68","temp29_68","29°C"
"69","temp29_69","29°C"
"70","temp29_70","29°C"
"71","temp29_71","29°C"
"72","temp29_72","29°C"
"73","temp29_73","29°C"
"74","temp29_74","29°C"
"75","temp29_75","29°C"
"76","temp29_76","29°C"
"77","temp29_77","29°C"
"78","temp29_78","29°C"
"79","temp29_79","29°C"
"80","temp29_80","29°C"
"81","temp29_81","29°C"
"82","temp29_82","29°C"
"83","temp29_83","29°C"
"84","temp29_84","29°C"
"85","temp29_85","29°C"
"86","temp29_86","29°C"
"87","temp29_87","29°C"
"88","temp29_88","29°C"
"89","temp29_89","29°C"
"90","temp29_90","29°C"
"91","temp29_91","29°C"
"92","temp29_92","29°C"
"93","temp29_93","29°C"
"94","temp29_94","29°C"
"95","temp29_95","29°C"
"96","temp29_96","29°C"
"97","temp29_97","29°C"
"98","temp29_98","29°C"
"99","temp29_99","29°C"
"100","temp29_100","29°C"
"101","temp29_101","29°C"
"102","temp29_102","29°C"
"103","temp29_103","29°C"
"104","temp29_104","29°C"
"105","temp29_105","29°C"
"106","temp29_106","29°C"
"107","temp29_107","29°C"
"108","temp29_108","29°C"
"109","temp29_109","29°C"
"110","temp29_110","29°C"
"111","temp29_111","29°C"
"112","temp29_112","29°C"
"113","temp29_113","29°C"
"114","temp29_114","29°C"
"115","temp29_115","29°C"
"116","temp29_116","29°C"
"117","temp29_117","29°C"
"118","temp29_118","29°C"
"119","temp29_119","29°C"
"120","temp29_120","29°C"
"121","temp29_121","29°C"
"122","temp29_122","29°C"
"123","temp29_123","29°C"
"124","temp29_124","29°C"
"125","temp29_125","29°C"
"126","temp29_126","29°C"
"127","temp29_127","29°C"
"128","temp29_128","29°C"
"129","temp29_129","29°C"
"130","temp29_130","29°C"
"131","temp29_131","29°C"
"132","temp29_132","29°C"
"133","temp29_133","29°C"
"134","temp29_134","29°C"
"135","temp29_135","29°C"
"136","temp29_136","29°C"
"137","temp29_137","29°C"
"138","temp29_138","29°C"
"139","temp29_139","29°C"
"140","temp29_140","29°C"
"141","temp29_141","29°C"
"142","temp29_142","29°C"
"143","temp29_143","29°C"
"144","temp29_144","29°C"
"145","temp29_145","29°C"
"146","temp29_146","29°C"
"147","temp29_147","29°C"
"148","temp29_148","29°C"
"149","temp29_149","29°C"
"150","temp29_150","29°C"
"151","temp29_151","29°C"
"152","temp29_152","29°C"
"153","temp29_153","29°C"
"154","temp29_154","29°C"
"155","temp29_155","29°C"
"156","temp29_156","29°C"
"157","temp29_157","29°C"
"158","temp29_158","29°C"
"159","temp29_159","29°C"
"160","temp29_160","29°C"
"161","temp29_161","29°C"
"162","temp29_162","29°C"
"163","temp29_163","29°C"
"164","temp29_164","29°C"
"165","temp29_165","29°C"
"166","temp29_166","29°C"
"167","temp29_167","29°C"
"168","temp29_168","29°C"
"169","temp29_169","29°C"
"170","temp29_170","29°C"
"171","temp29_171","29°C"
"172","temp29_172","29°C"
"173","temp29_173","29°C"
"174","temp29_174","29°C"
"175","temp29_175","29°C"
"176","temp29_176","29°C"
"177","temp29_177","29°C"
"178","temp29_178","29°C"
"179","temp29_179","29°C"
"180","temp29_180","29°C"
"181","temp29_181","29°C"
"182","temp29_182","29°C"
"183","temp29_183","29°C"
"184","temp29_184","29°C"
"185","temp29_185","29°C"
"186","temp29_186","29°C"
"187","temp29_187","29°C"
"188","temp29_188","29°C"
"189","temp29_189","29°C"
"190","temp29_190","29°C"
"191","temp29_191","29°C"
"192","temp29_192","29°C"
"193","temp29_193","29°C"
"194","temp29_194","29°C"
"195","temp29_195","29°C"
"196","temp29_196","29°C"
"197","temp29_197","29°C"
"198","temp29_198","29°C"
"199","temp29_199","29°C"
"200","temp29_200","29°C"
"201","temp29_201","29°C"
"202","temp29_202","29°C"
"203","temp29_203","29°C"
"204","temp29_204","29°C"
"205","temp29_205","29°C"
"206","temp29_206","29°C"
"207","temp29_207","29°C"
"208","temp29_208","29°C"
"209","temp29_209","29°C"
"210","temp29_210","29°C"
"211","temp29_211","29°C"
"212","temp29_212","29°C"
"213","temp29_213","29°C"
"214","temp29_214","29°C"
"215","temp29_215","29°C"
"216","temp29_216","29°C"
"217","temp29_217","29°C"
"218","temp29_218","29°C"
"219","temp29_219","29°C"
"220","temp29_220","29°C"
"221","temp29_221","29°C"
"222","temp29_222","29°C"
"223","temp29_223","29°C"
"224","temp29_224","29°C"
"225","temp29_225","29°C"
"226","temp29_226","29°C"
"227","temp29_227","29°C"
"228","temp29_228","29°C"
"229","temp29_229","29°C"
"230","temp29_230","29°C"
"231","temp29_231","29°C"
"232","temp29_232","29°C"
"233","temp29_233","29°C"
"234","temp29_234","29°C"
"235","temp29_235","29°C"
"236","temp29_236","29°C"
"237","temp29_237","29°C"
"238","temp29_238","29°C"
"239","temp29_239","29°C"
"240","temp29_240","29°C"
"241","temp29_241","29°C"
"242","temp29_242","29°C"
"243","temp29_243","29°C"
"244","temp29_244","29°C"
"245","temp29_245","29°C"
"246","temp29_246","29°C"
"247","temp29_247","29°C"
"248","temp29_248","29°C"
"249","temp29_249","29°C"
"250","temp29_250","29°C"
"251","temp29_251","29°C"
"252","temp29_252","29°C"
"253","temp29_253","29°C"
"254","temp29_254","29°C"
"255","temp29_255","29°C"
"256","temp29_256","29°C"
"257","temp29_257","29°C"
"258","temp29_258","29°C"
"259","temp29_259","29°C"
"260","temp29_260","29°C"
"261","temp29_261","29°C"
"262","temp29_262","29°C"
"263","temp29_263","29°C"
"264","temp29_264","29°C"
"265","temp29_265","29°C"
"266","temp29_266","29°C"
"267","temp29_267","29°C"
"268","temp29_268","29°C"
"269","temp29_269","29°C"
"270","temp29_270","29°C"
"271","temp29_271","29°C"
"272","temp29_272","29°C"
"273","temp29_273","29°C"
"274","temp29_274","29°C"
"275","temp29_275","29°C"
"276","temp29_276","29°C"
"277","temp29_277","29°C"
"278","temp29_278","29°C"
"279","temp29_279","29°C"
"280","temp29_280","29°C"
"281","temp29_281","29°C"
"282","temp29_282","29°C"
"283","temp29_283","29°C"
"284","temp29_284","29°C"
"285","temp29_285","29°C"
"286","temp29_286","29°C"
"287","temp29_287","29°C"
"288","temp29_288","29°C"
"289","temp29_289","29°C"
"290","temp29_290","29°C"
"291","temp29_291","29°C"
"292","temp29_292","29°C"
"293","temp29_293","29°C"
"294","temp29_294","29°C"
"295","temp29_295","29°C"
"296","temp29_296","29°C"
"297","temp29_297","29°C"
"298","temp29_298","29°C"
"299","temp29_299","29°C"
"300","temp29_300","29°C"
"301","temp29_301","29°C"
"302","temp29_302","29°C"
"303","temp29_303","29°C"
"304","temp29_304","29°C"
"305","temp29_305","29°C"
"306","temp29_306","29°C"
"307","temp29_307","29°C"
"308","temp29_308","29°C"
"309","temp29_309","29°C"
"310","temp29_310","29°C"
"311","temp29_311","29°C"
"312","temp29_312","29°C"
"313","temp29_313","29°C"
"314","temp29_314","29°C"
"315","temp29_315","29°C"
"316","temp29_316","29°C"
"317","temp29_317","29°C"
"318","temp29_318","29°C"
"319","temp29_319","29°C"
"320","temp29_320","29°C"
"321","temp29_321","29°C"
"322","temp29_322","29°C"
"323","temp29_323","29°C"
"324","temp29_324","29°C"
"325","temp29_325","29°C"
"326","temp29_326","29°C"
"327","temp29_327","29°C"
"328","temp29_328","29°C"
"329","temp29_329","29°C"
"330","temp29_330","29°C"
"331","temp29_331","29°C"
"332","temp29_332","29°C"
"333","temp29_333","29°C"
"334","temp29_334","29°C"
"335","temp29_335","29°C"
"336","temp29_336","29°C"
"337","temp29_337","29°C"
"338","temp29_338","29°C"
"339","temp29_339","29°C"
"340","temp29_340","29°C"
"341","temp29_341","29°C"
"342","temp29_342","29°C"
"343","temp29_343","29°C"
"344","temp29_344","29°C"
"345","temp29_345","29°C"
"346","temp29_346","29°C"
"347","temp29_347","29°C"
"348","temp29_348","29°C"
"349","temp29_349","29°C"
"350","temp29_350","29°C"
"351","temp29_351","29°C"
"352","temp29_352","29°C"
"353","temp29_353","29°C"
"354","temp29_354","29°C"
"355","temp29_355","29°C"
"356","temp29_356","29°C"
"357","temp29_357","29°C"
"358","temp29_358","29°C"
"359","temp29_359","29°C"
"360","temp29_360","29°C"
"361","temp29_361","29°C"
"362","temp29_362","29°C"
"363","temp29_363","29°C"
"364","temp29_364","29°C"
"365","temp29_365","29°C"
"366","temp29_366","29°C"
"367","temp29_367","29°C"
"368","temp29_368","29°C"
"369","temp29_369","29°C"
"370","temp29_370","29°C"
"371","temp29_371","29°C"
"372","temp29_372","29°C"
"373","temp29_373","29°C"
"374","temp29_374","29°C"
"375","temp29_375","29°C"
"376","temp29_376","29°C"
"377","temp29_377","29°C"
"378","temp29_378","29°C"
"379","temp29_379","29°C"
"380","temp29_380","29°C"
"381","temp29_381","29°C"
"382","temp29_382","29°C"
"383","temp29_383","29°C"
"384","temp29_384","29°C"
"385","temp29_385","29°C"
"386","temp29_386","29°C"
"387","temp29_387","29°C"
"388","temp29_388","29°C"
"389","temp29_389","29°C"
"390","temp29_390","29°C"
"391","temp29_391","29°C"
"392","temp29_392","29°C"
"393","temp29_393","29°C"
"394","temp29_394","29°C"
"395","temp29_395","29°C"
"396","temp29_396","29°C"
"397","temp29_397","29°C"
"398","temp29_398","29°C"
"399","temp29_399","29°C"
"400","temp29_400","29°C"
"401","temp29_401","29°C"
"402","temp29_402","29°C"
"403","temp29_403","29°C"
"404","temp29_404","29°C"
"405","temp29_405","29°C"
"406","temp29_406","29°C"
"407","temp29_407","29°C"
"408","temp29_408","29°C"
"409","temp29_409","29°C"
"410","temp29_410","29°C"
"411","temp29_411","29°C"
"412","temp29_412","29°C"
"413","temp29_413","29°C"
"414","temp29_414","29°C"
"415","temp29_415","29°C"
"416","temp29_416","29°C"
"417","temp29_417","29°C"
"418","temp29_418","29°C"
"419","temp29_419","29°C"
"420","temp29_420","29°C"
"421","temp29_421","29°C"
"422","temp29_422","29°C"
"423","temp29_423","29°C"
"424","temp29_424","29°C"
"425","temp29_425","29°C"
"426","temp29_426","29°C"
"427","temp29_427","29°C"
"428","temp29_428","29°C"
"429","temp29_429","29°C"
"430","temp29_430","29°C"
"431","temp29_431","29°C"
"432","temp29_432","29°C"
"433","temp29_433","29°C"
"434","temp29_434","29°C"
"435","temp29_435","29°C"
"436","temp29_436","29°C"
"437","temp29_437","29°C"
"438","temp29_438","29°C"
"439","temp29_439","29°C"
"440","temp29_440","29°C"
"441","temp29_441","29°C"
"442","temp29_442","29°C"
"443","temp29_443","29°C"
"444","temp29_444","29°C"
"445","temp29_445","29°C"
"446","temp29_446","29°C"
"447","temp29_447","29°C"
"448","temp29_448","29°C"
"449","temp29_449","29°C"
"450","temp29_450","29°C"
"451","temp29_451","29°C"
"452","temp29_452","29°C"
"453","temp29_453","29°C"
"454","temp29_454","29°C"
"455","temp29_455","29°C"
"456","temp29_456","29°C"
"457","temp29_457","29°C"
"458","temp29_458","29°C"
"459","temp29_459","29°C"
"460","temp29_460","29°C"
"461","temp29_461","29°C"
"462","temp29_462","29°C"
"463","temp29_463","29°C"
"464","temp29_464","29°C"
"465","temp29_465","29°C"
"466","temp29_466","29°C"
"467","temp29_467","29°C"
"468","temp29_468","29°C"
"469","temp29_469","29°C"
"470","temp29_470","29°C"
"471","temp29_471","29°C"
"472","temp29_472","29°C"
"473","temp29_473","29°C"
"474","temp29_474","29°C"
"475","temp29_475","29°C"
"476","temp29_476","29°C"
"477","temp29_477","29°C"
"478","temp29_478","29°C"
"479","temp29_479","29°C"
"480","temp29_480","29°C"
"481","temp29_481","29°C"
"482","temp29_482","29°C"
"483","temp29_483","29°C"
"484","temp29_484","29°C"
"485","temp29_485","29°C"
"486","temp29_486","29°C"
"487","temp29_487","29°C"
"488","temp29_488","29°C"
"489","temp29_489","29°C"
"490","temp29_490","29°C"
"491","temp29_491","29°C"
"492","temp29_492","29°C"
"493","temp29_493","29°C"
"494","temp29_494","29°C"
"495","temp29_495","29°C"
"496","temp29_496","29°C"
"497","temp29_497","29°C"
"498","temp29_498","29°C"
"499","temp29_499","29°C"
"500","temp29_500","29°C"
"501","temp29_501","29°C"
"502","temp29_502","29°C"
"503","temp29_503","29°C"
"504","temp29_504","29°C"
"505","temp29_505","29°C"
"506","temp29_506","29°C"
"507","temp29_507","29°C"
"508","temp29_508","29°C"
"509","temp29_509","29°C"
"510","temp29_510","29°C"
"511","temp29_511","29°C"
"512","temp29_512","29°C"
"513","temp29_513","29°C"
"514","temp29_514","29°C"
"515","temp29_515","29°C"
"516","temp29_516","29°C"
"517","temp29_517","29°C"
"518","temp29_518","29°C"
"519","temp29_519","29°C"
"520","temp29_520","29°C"
"521","temp29_521","29°C"
"522","temp29_522","29°C"
"523","temp29_523","29°C"
"524","temp29_524","29°C"
"525","temp29_525","29°C"
"526","temp29_526","29°C"
"527","temp29_527","29°C"
"528","temp29_528","29°C"
"529","temp29_529","29°C"
"530","temp29_530","29°C"
"531","temp29_531","29°C"
"532","temp29_532","29°C"
"533","temp29_533","29°C"
"534","temp29_534","29°C"
"535","temp29_535","29°C"
"536","temp29_536","29°C"
"537","temp29_537","29°C"
"538","temp29_538","29°C"
"539","temp29_539","29°C"
"540","temp29_540","29°C"
"541","temp29_541","29°C"
"542","temp29_542","29°C"
"543","temp29_543","29°C"
"544","temp29_544","29°C"
"545","temp29_545","29°C"
"546","temp29_546","29°C"
"547","temp29_547","29°C"
"548","temp29_548","29°C"
"549","temp29_549","29°C"
"550","temp29_550","29°C"
"551","temp29_551","29°C"
"552","temp29_552","29°C"
"553","temp29_553","29°C"
"554","temp29_554","29°C"
"555","temp29_555","29°C"
"556","temp29_556","29°C"
"557","temp29_557","29°C"
"558","temp29_558","29°C"
"559","temp29_559","29°C"
"560","temp29_560","29°C"
"561","temp29_561","29°C"
"562","temp29_562","29°C"
"563","temp29_563","29°C"
"564","temp29_564","29°C"
"565","temp29_565","29°C"
"566","temp29_566","29°C"
"567","temp29_567","29°C"
"568","temp29_568","29°C"
"569","temp29_569","29°C"
"570","temp29_570","29°C"
"571","temp29_571","29°C"
"572","temp29_572","29°C"
"573","temp29_573","29°C"
"574","temp29_574","29°C"
"575","temp29_575","29°C"
"576","temp29_576","29°C"
"577","temp29_577","29°C"
"578","temp29_578","29°C"
"579","temp29_579","29°C"
"580","temp29_580","29°C"
"581","temp29_581","29°C"
"582","temp29_582","29°C"
"583","temp29_583","29°C"
"584","temp29_584","29°C"
"585","temp29_585","29°C"
"586","temp29_586","29°C"
"587","temp29_587","29°C"
"588","temp29_588","29°C"
"589","temp29_589","29°C"
"590","temp29_590","29°C"
"591","temp29_591","29°C"
"592","temp29_592","29°C"
"593","temp29_593","29°C"
"594","temp29_594","29°C"
"595","temp29_595","29°C"
"596","temp29_596","29°C"
"597","temp29_597","29°C"
"598","temp29_598","29°C"
"599","temp29_599","29°C"
"600","temp29_600","29°C"
"601","temp29_601","29°C"
"602","temp29_602","29°C"
"603","temp29_603","29°C"
"604","temp29_604","29°C"
"605","temp29_605","29°C"
"606","temp29_606","29°C"
"607","temp29_607","29°C"
"608","temp29_608","29°C"
"609","temp29_609","29°C"
"610","temp29_610","29°C"
"611","temp29_611","29°C"
"612","temp29_612","29°C"
"613","temp29_613","29°C"
"614","temp29_614","29°C"
"615","temp29_615","29°C"
"616","temp29_616","29°C"
"617","temp29_617","29°C"
"618","temp29_618","29°C"
"619","temp29_619","29°C"
"620","temp29_620","29°C"
"621","temp29_621","29°C"
"622","temp29_622","29°C"
"623","temp29_623","29°C"
"624","temp29_624","29°C"
"625","temp29_625","29°C"
"626","temp29_626","29°C"
"627","temp29_627","29°C"
"628","temp29_628","29°C"
"629","temp29_629","29°C"
"630","temp29_630","29°C"
"631","temp29_631","29°C"
"632","temp29_632","29°C"
"633","temp29_633","29°C"
"634","temp29_634","29°C"
"635","temp29_635","29°C"
"636","temp29_636","29°C"
"637","temp29_637","29°C"
"638","temp29_638","29°C"
"639","temp29_639","29°C"
"640","temp29_640","29°C"
"641","temp29_641","29°C"
"642","temp29_642","29°C"
"643","temp29_643","29°C"
"644","temp29_644","29°C"
"645","temp29_645","29°C"
"646","temp29_646","29°C"
"647","temp29_647","29°C"
"648","temp29_648","29°C"
"649","temp29_649","29°C"
"650","temp29_650","29°C"
"651","temp29_651","29°C"
"652","temp29_652","29°C"
"653","temp29_653","29°C"
"654","temp29_654","29°C"
"655","temp29_655","29°C"
"656","temp29_656","29°C"
"657","temp29_657","29°C"
"658","temp29_658","29°C"
"659","temp29_659","29°C"
"660","temp29_660","29°C"
"661","temp29_661","29°C"
"662","temp29_662","29°C"
"663","temp29_663","29°C"
"664","temp29_664","29°C"
"665","temp29_665","29°C"
"666","temp29_666","29°C"
"667","temp29_667","29°C"
"668","temp29_668","29°C"
"669","temp29_669","29°C"
"670","temp29_670","29°C"
"671","temp29_671","29°C"
"672","temp29_672","29°C"
"673","temp29_673","29°C"
"674","temp29_674","29°C"
"675","temp29_675","29°C"
"676","temp29_676","29°C"
"677","temp29_677","29°C"
"678","temp29_678","29°C"
"679","temp29_679","29°C"
"680","temp29_680","29°C"
"681","temp29_681","29°C"
"682","temp29_682","29°C"
"683","temp29_683","29°C"
"684","temp29_684","29°C"
"685","temp29_685","29°C"
"686","temp29_686","29°C"
"687","temp29_687","29°C"
"688","temp29_688","29°C"
"689","temp29_689","29°C"
"690","temp29_690","29°C"
"691","temp29_691","29°C"
"692","temp29_692","29°C"
"693","temp29_693","29°C"
"694","temp29_694","29°C"
"695","temp29_695","29°C"
"696","temp29_696","29°C"
"697","temp29_697","29°C"
"698","temp29_698","29°C"
"699","temp29_699","29°C"
"700","temp29_700","29°C"
"701","temp29_701","29°C"
"702","temp29_702","29°C"
"703","temp29_703","29°C"
"704","temp29_704","29°C"
"705","temp29_705","29°C"
"706","temp29_706","29°C"
"707","temp29_707","29°C"
"708","temp29_708","29°C"
"709","temp29_709","29°C"
"710","temp29_710","29°C"
"711","temp29_711","29°C"
"712","temp29_712","29°C"
"713","temp29_713","29°C"
"714","temp29_714","29°C"
"715","temp29_715","29°C"
"716","temp29_716","29°C"
"717","temp29_717","29°C"
"718","temp29_718","29°C"
"719","temp29_719","29°C"
"720","temp29_720","29°C"
"721","temp29_721","29°C"
"722","temp29_722","29°C"
"723","temp29_723","29°C"
"724","temp29_724","29°C"
"725","temp29_725","29°C"
"726","temp29_726","29°C"
"727","temp29_727","29°C"
"728","temp29_728","29°C"
"729","temp29_729","29°C"
"730","temp29_730","29°C"
"731","temp29_731","29°C"
"732","temp29_732","29°C"
"733","temp29_733","29°C"
"734","temp29_734","29°C"
"735","temp29_735","29°C"
"736","temp29_736","29°C"
"737","temp29_737","29°C"
"738","temp29_738","29°C"
"739","temp29_739","29°C"
"740","temp29_740","29°C"
"741","temp29_741","29°C"
"742","temp29_742","29°C"
"743","temp29_743","29°C"
"744","temp29_744","29°C"
"745","temp29_745","29°C"
"746","temp29_746","29°C"
"747","temp29_747","29°C"
"748","temp29_748","29°C"
"749","temp29_749","29°C"
"750","temp29_750","29°C"
"751","temp29_751","29°C"
"752","temp29_752","29°C"
"753","temp29_753","29°C"
"754","temp29_754","29°C"
"755","temp29_755","29°C"
"756","temp29_756","29°C"
"757","temp29_757","29°C"
"758","temp29_758","29°C"
"759","temp29_759","29°C"
"760","temp29_760","29°C"
"761","temp29_761","29°C"
"762","temp29_762","29°C"
"763","temp29_763","29°C"
"764","temp29_764","29°C"
"765","temp29_765","29°C"
"766","temp29_766","29°C"
"767","temp29_767","29°C"
"768","temp29_768","29°C"
"769","temp29_769","29°C"
"770","temp29_770","29°C"
"771","temp29_771","29°C"
"772","temp29_772","29°C"
"773","temp29_773","29°C"
"774","temp29_774","29°C"
"775","temp29_775","29°C"
"776","temp29_776","29°C"
"777","temp29_777","29°C"
"778","temp29_778","29°C"
"779","temp29_779","29°C"
"780","temp29_780","29°C"
"781","temp29_781","29°C"
"782","temp29_782","29°C"
"783","temp29_783","29°C"
"784","temp29_784","29°C"
"785","temp29_785","29°C"
"786","temp29_786","29°C"
"787","temp29_787","29°C"
"788","temp29_788","29°C"
"789","temp29_789","29°C"
"790","temp29_790","29°C"
"791","temp29_791","29°C"
"792","temp29_792","29°C"
"793","temp29_793","29°C"
"794","temp29_794","29°C"
"795","temp29_795","29°C"
"796","temp29_796","29°C"
"797","temp29_797","29°C"
"798","temp29_798","29°C"
"799","temp29_799","29°C"
"800","temp29_800","29°C"
"801","temp29_801","29°C"
"802","temp29_802","29°C"
"803","temp29_803","29°C"
"804","temp29_804","29°C"
"805","temp29_805","29°C"
"806","temp29_806","29°C"
"807","temp29_807","29°C"
"808","temp29_808","29°C"
"809","temp29_809","29°C"
"810","temp29_810","29°C"
"811","temp29_811","29°C"
"812","temp29_812","29°C"
"813","temp29_813","29°C"
"814","temp29_814","29°C"
"815","temp29_815","29°C"
"816","temp29_816","29°C"
"817","temp29_817","29°C"
"818","temp29_818","29°C"
"819","temp29_819","29°C"
"820","temp29_820","29°C"
"821","temp29_821","29°C"
"822","temp29_822","29°C"
"823","temp29_823","29°C"
"824","temp29_824","29°C"
"825","temp29_825","29°C"
"826","temp29_826","29°C"
"827","temp29_827","29°C"
"828","temp29_828","29°C"
"829","temp29_829","29°C"
"830","temp29_830","29°C"
"831","temp29_831","29°C"
"832","temp29_832","29°C"
"833","temp29_833","29°C"
"834","temp29_834","29°C"
"835","temp29_835","29°C"
"836","temp29_836","29°C"
"837","temp29_837","29°C"
"838","temp29_838","29°C"
"839","temp29_839","29°C"
"840","temp29_840","29°C"
"841","temp29_841","29°C"
"842","temp29_842","29°C"
"843","temp29_843","29°C"
"844","temp29_844","29°C"
"845","temp29_845","29°C"
"846","temp29_846","29°C"
"847","temp29_847","29°C"
"848","temp29_848","29°C"
"849","temp29_849","29°C"
"850","temp29_850","29°C"
"851","temp29_851","29°C"
"852","temp29_852","29°C"
"853","temp29_853","29°C"
"854","temp29_854","29°C"
"855","temp29_855","29°C"
"856","temp29_856","29°C"
"857","temp29_857","29°C"
"858","temp29_858","29°C"
"859","temp29_859","29°C"
"860","temp29_860","29°C"
"861","temp29_861","29°C"
"862","temp29_862","29°C"
"863","temp29_863","29°C"
"864","temp29_864","29°C"
"865","temp29_865","29°C"
"866","temp29_866","29°C"
"867","temp29_867","29°C"
"868","temp29_868","29°C"
"869","temp29_869","29°C"
"870","temp29_870","29°C"
"871","temp29_871","29°C"
"872","temp29_872","29°C"
"873","temp29_873","29°C"
"874","temp29_874","29°C"
"875","temp29_875","29°C"
"876","temp29_876","29°C"
"877","temp29_877","29°C"
"878","temp29_878","29°C"
"879","temp29_879","29°C"
"880","temp29_880","29°C"
"881","temp29_881","29°C"
"882","temp29_882","29°C"
"883","temp29_883","29°C"
"884","temp29_884","29°C"
"885","temp29_885","29°C"
"886","temp29_886","29°C"
"887","temp29_887","29°C"
"888","temp29_888","29°C"
"889","temp29_889","29°C"
"890","temp29_890","29°C"
"891","temp29_891","29°C"
"892","temp29_892","29°C"
"893","temp29_893","29°C"
"894","temp29_894","29°C"
"895","temp29_895","29°C"
"896","temp29_896","29°C"
"897","temp29_897","29°C"
"898","temp29_898","29°C"
"899","temp29_899","29°C"
"900","temp29_900","29°C"
"901","temp29_901","29°C"
"902","temp29_902","29°C"
"903","temp29_903","29°C"
"904","temp29_904","29°C"
"905","temp29_905","29°C"
"906","temp29_906","29°C"
"907","temp29_907","29°C"
"908","temp29_908","29°C"
"909","temp29_909","29°C"
"910","temp29_910","29°C"
"911","temp29_911","29°C"
"912","temp29_912","29°C"
"913","temp29_913","29°C"
"914","temp29_914","29°C"
"915","temp29_915","29°C"
"916","temp29_916","29°C"
"917","temp29_917","29°C"
"918","temp29_918","29°C"
"919","temp29_919","29°C"
"920","temp29_920","29°C"
"921","temp29_921","29°C"
"922","temp29_922","29°C"
"923","temp29_923","29°C"
"924","temp29_924","29°C"
"925","temp29_925","29°C"
"926","temp29_926","29°C"
"927","temp29_927","29°C"
"928","temp29_928","29°C"
"929","temp29_929","29°C"
"930","temp29_930","29°C"
"931","temp29_931","29°C"
"932","temp29_932","29°C"
"933","temp29_933","29°C"
"934","temp29_934","29°C"
"935","temp29_935","29°C"
"936","temp29_936","29°C"
"937","temp29_937","29°C"
"938","temp29_938","29°C"
"939","temp29_939","29°C"
"940","temp29_940","29°C"
"941","temp29_941","29°C"
"942","temp29_942","29°C"
"943","temp29_943","29°C"
"944","temp29_944","29°C"
"945","temp29_945","29°C"
"946","temp29_946","29°C"
"947","temp29_947","29°C"
"948","temp29_948","29°C"
"949","temp29_949","29°C"
"950","temp29_950","29°C"
"951","temp29_951","29°C"
"952","temp29_952","29°C"
"953","temp29_953","29°C"
"954","temp29_954","29°C"
"955","temp29_955","29°C"
"956","temp29_956","29°C"
"957","temp29_957","29°C"
"958","temp29_958","29°C"
"959","temp29_959","29°C"
"960","temp29_960","29°C"
"961","temp29_961","29°C"
"962","temp29_962","29°C"
"963","temp29_963","29°C"
"964","temp29_964","29°C"
"965","temp29_965","29°C"
"966","temp29_966","29°C"
"967","temp29_967","29°C"
"968","temp29_968","29°C"
"969","temp29_969","29°C"
"970","temp29_970","29°C"
"971","temp29_971","29°C"
"972","temp29_972","29°C"
"973","temp29_973","29°C"
"974","temp29_974","29°C"
"975","temp29_975","29°C"
"976","temp29_976","29°C"
"977","temp29_977","29°C"
"978","temp29_978","29°C"
"979","temp29_979","29°C"
"980","temp29_980","29°C"
"981","temp29_981","29°C"
"982","temp29_982","29°C"
"983","temp29_983","29°C"
"984","temp29_984","29°C"
"985","temp29_985","29°C"
"986","temp29_986","29°C"
"987","temp29_987","29°C"
"988","temp29_988","29°C"
"989","temp29_989","29°C"
"990","temp29_990","29°C"
"991","temp29_991","29°C"
"992","temp29_992","29°C"
"993","temp29_993","29°C"
"994","temp29_994","29°C"
"995","temp29_995","29°C"
"996","temp29_996","29°C"
"997","temp29_997","29°C"
"998","temp29_998","29°C"
"999","temp29_999","29°C"
"1000","temp29_1000","29°C"
"1001","temp37_1","37°C"
"1002","temp37_2","37°C"
"1003","temp37_3","37°C"
"1004","temp37_4","37°C"
"1005","temp37_5","37°C"
"1006","temp37_6","37°C"
"1007","temp37_7","37°C"
"1008","temp37_8","37°C"
"1009","temp37_9","37°C"
"1010","temp37_10","37°C"
"1011","temp37_11","37°C"
"1012","temp37_12","37°C"
"1013","temp37_13","37°C"
"1014","temp37_14","37°C"
"1015","temp37_15","37°C"
"1016","temp37_16","37°C"
"1017","temp37_17","37°C"
"1018","temp37_18","37°C"
"1019","temp37_19","37°C"
"1020","temp37_20","37°C"
"1021","temp37_21","37°C"
"1022","temp37_22","37°C"
"1023","temp37_23","37°C"
"1024","temp37_24","37°C"
"1025","temp37_25","37°C"
"1026","temp37_26","37°C"
"1027","temp37_27","37°C"
"1028","temp37_28","37°C"
"1029","temp37_29","37°C"
"1030","temp37_30","37°C"
"1031","temp37_31","37°C"
"1032","temp37_32","37°C"
"1033","temp37_33","37°C"
"1034","temp37_34","37°C"
"1035","temp37_35","37°C"
"1036","temp37_36","37°C"
"1037","temp37_37","37°C"
"1038","temp37_38","37°C"
"1039","temp37_39","37°C"
"1040","temp37_40","37°C"
"1041","temp37_41","37°C"
"1042","temp37_42","37°C"
"1043","temp37_43","37°C"
"1044","temp37_44","37°C"
"1045","temp37_45","37°C"
"1046","temp37_46","37°C"
"1047","temp37_47","37°C"
"1048","temp37_48","37°C"
"1049","temp37_49","37°C"
"1050","temp37_50","37°C"
"1051","temp37_51","37°C"
"1052","temp37_52","37°C"
"1053","temp37_53","37°C"
"1054","temp37_54","37°C"
"1055","temp37_55","37°C"
"1056","temp37_56","37°C"
"1057","temp37_57","37°C"
"1058","temp37_58","37°C"
"1059","temp37_59","37°C"
"1060","temp37_60","37°C"
"1061","temp37_61","37°C"
"1062","temp37_62","37°C"
"1063","temp37_63","37°C"
"1064","temp37_64","37°C"
"1065","temp37_65","37°C"
"1066","temp37_66","37°C"
"1067","temp37_67","37°C"
"1068","temp37_68","37°C"
"1069","temp37_69","37°C"
"1070","temp37_70","37°C"
"1071","temp37_71","37°C"
"1072","temp37_72","37°C"
"1073","temp37_73","37°C"
"1074","temp37_74","37°C"
"1075","temp37_75","37°C"
"1076","temp37_76","37°C"
"1077","temp37_77","37°C"
"1078","temp37_78","37°C"
"1079","temp37_79","37°C"
"1080","temp37_80","37°C"
"1081","temp37_81","37°C"
"1082","temp37_82","37°C"
"1083","temp37_83","37°C"
"1084","temp37_84","37°C"
"1085","temp37_85","37°C"
"1086","temp37_86","37°C"
"1087","temp37_87","37°C"
"1088","temp37_88","37°C"
"1089","temp37_89","37°C"
"1090","temp37_90","37°C"
"1091","temp37_91","37°C"
"1092","temp37_92","37°C"
"1093","temp37_93","37°C"
"1094","temp37_94","37°C"
"1095","temp37_95","37°C"
"1096","temp37_96","37°C"
"1097","temp37_97","37°C"
"1098","temp37_98","37°C"
"1099","temp37_99","37°C"
"1100","temp37_100","37°C"
"1101","temp37_101","37°C"
"1102","temp37_102","37°C"
"1103","temp37_103","37°C"
"1104","temp37_104","37°C"
"1105","temp37_105","37°C"
"1106","temp37_106","37°C"
"1107","temp37_107","37°C"
"1108","temp37_108","37°C"
"1109","temp37_109","37°C"
"1110","temp37_110","37°C"
"1111","temp37_111","37°C"
"1112","temp37_112","37°C"
"1113","temp37_113","37°C"
"1114","temp37_114","37°C"
"1115","temp37_115","37°C"
"1116","temp37_116","37°C"
"1117","temp37_117","37°C"
"1118","temp37_118","37°C"
"1119","temp37_119","37°C"
"1120","temp37_120","37°C"
"1121","temp37_121","37°C"
"1122","temp37_122","37°C"
"1123","temp37_123","37°C"
"1124","temp37_124","37°C"
"1125","temp37_125","37°C"
"1126","temp37_126","37°C"
"1127","temp37_127","37°C"
"1128","temp37_128","37°C"
"1129","temp37_129","37°C"
"1130","temp37_130","37°C"
"1131","temp37_131","37°C"
"1132","temp37_132","37°C"
"1133","temp37_133","37°C"
"1134","temp37_134","37°C"
"1135","temp37_135","37°C"
"1136","temp37_136","37°C"
"1137","temp37_137","37°C"
"1138","temp37_138","37°C"
"1139","temp37_139","37°C"
"1140","temp37_140","37°C"
"1141","temp37_141","37°C"
"1142","temp37_142","37°C"
"1143","temp37_143","37°C"
"1144","temp37_144","37°C"
"1145","temp37_145","37°C"
"1146","temp37_146","37°C"
"1147","temp37_147","37°C"
"1148","temp37_148","37°C"
"1149","temp37_149","37°C"
"1150","temp37_150","37°C"
"1151","temp37_151","37°C"
"1152","temp37_152","37°C"
"1153","temp37_153","37°C"
"1154","temp37_154","37°C"
"1155","temp37_155","37°C"
"1156","temp37_156","37°C"
"1157","temp37_157","37°C"
"1158","temp37_158","37°C"
"1159","temp37_159","37°C"
"1160","temp37_160","37°C"
"1161","temp37_161","37°C"
"1162","temp37_162","37°C"
"1163","temp37_163","37°C"
"1164","temp37_164","37°C"
"1165","temp37_165","37°C"
"1166","temp37_166","37°C"
"1167","temp37_167","37°C"
"1168","temp37_168","37°C"
"1169","temp37_169","37°C"
"1170","temp37_170","37°C"
"1171","temp37_171","37°C"
"1172","temp37_172","37°C"
"1173","temp37_173","37°C"
"1174","temp37_174","37°C"
"1175","temp37_175","37°C"
"1176","temp37_176","37°C"
"1177","temp37_177","37°C"
"1178","temp37_178","37°C"
"1179","temp37_179","37°C"
"1180","temp37_180","37°C"
"1181","temp37_181","37°C"
"1182","temp37_182","37°C"
"1183","temp37_183","37°C"
"1184","temp37_184","37°C"
"1185","temp37_185","37°C"
"1186","temp37_186","37°C"
"1187","temp37_187","37°C"
"1188","temp37_188","37°C"
"1189","temp37_189","37°C"
"1190","temp37_190","37°C"
"1191","temp37_191","37°C"
"1192","temp37_192","37°C"
"1193","temp37_193","37°C"
"1194","temp37_194","37°C"
"1195","temp37_195","37°C"
"1196","temp37_196","37°C"
"1197","temp37_197","37°C"
"1198","temp37_198","37°C"
"1199","temp37_199","37°C"
"1200","temp37_200","37°C"
"1201","temp37_201","37°C"
"1202","temp37_202","37°C"
"1203","temp37_203","37°C"
"1204","temp37_204","37°C"
"1205","temp37_205","37°C"
"1206","temp37_206","37°C"
"1207","temp37_207","37°C"
"1208","temp37_208","37°C"
"1209","temp37_209","37°C"
"1210","temp37_210","37°C"
"1211","temp37_211","37°C"
"1212","temp37_212","37°C"
"1213","temp37_213","37°C"
"1214","temp37_214","37°C"
"1215","temp37_215","37°C"
"1216","temp37_216","37°C"
"1217","temp37_217","37°C"
"1218","temp37_218","37°C"
"1219","temp37_219","37°C"
"1220","temp37_220","37°C"
"1221","temp37_221","37°C"
"1222","temp37_222","37°C"
"1223","temp37_223","37°C"
"1224","temp37_224","37°C"
"1225","temp37_225","37°C"
"1226","temp37_226","37°C"
"1227","temp37_227","37°C"
"1228","temp37_228","37°C"
"1229","temp37_229","37°C"
"1230","temp37_230","37°C"
"1231","temp37_231","37°C"
"1232","temp37_232","37°C"
"1233","temp37_233","37°C"
"1234","temp37_234","37°C"
"1235","temp37_235","37°C"
"1236","temp37_236","37°C"
"1237","temp37_237","37°C"
"1238","temp37_238","37°C"
"1239","temp37_239","37°C"
"1240","temp37_240","37°C"
"1241","temp37_241","37°C"
"1242","temp37_242","37°C"
"1243","temp37_243","37°C"
"1244","temp37_244","37°C"
"1245","temp37_245","37°C"
"1246","temp37_246","37°C"
"1247","temp37_247","37°C"
"1248","temp37_248","37°C"
"1249","temp37_249","37°C"
"1250","temp37_250","37°C"
"1251","temp37_251","37°C"
"1252","temp37_252","37°C"
"1253","temp37_253","37°C"
"1254","temp37_254","37°C"
"1255","temp37_255","37°C"
"1256","temp37_256","37°C"
"1257","temp37_257","37°C"
"1258","temp37_258","37°C"
"1259","temp37_259","37°C"
"1260","temp37_260","37°C"
"1261","temp37_261","37°C"
"1262","temp37_262","37°C"
"1263","temp37_263","37°C"
"1264","temp37_264","37°C"
"1265","temp37_265","37°C"
"1266","temp37_266","37°C"
"1267","temp37_267","37°C"
"1268","temp37_268","37°C"
"1269","temp37_269","37°C"
"1270","temp37_270","37°C"
"1271","temp37_271","37°C"
"1272","temp37_272","37°C"
"1273","temp37_273","37°C"
"1274","temp37_274","37°C"
"1275","temp37_275","37°C"
"1276","temp37_276","37°C"
"1277","temp37_277","37°C"
"1278","temp37_278","37°C"
"1279","temp37_279","37°C"
"1280","temp37_280","37°C"
"1281","temp37_281","37°C"
"1282","temp37_282","37°C"
"1283","temp37_283","37°C"
"1284","temp37_284","37°C"
"1285","temp37_285","37°C"
"1286","temp37_286","37°C"
"1287","temp37_287","37°C"
"1288","temp37_288","37°C"
"1289","temp37_289","37°C"
"1290","temp37_290","37°C"
"1291","temp37_291","37°C"
"1292","temp37_292","37°C"
"1293","temp37_293","37°C"
"1294","temp37_294","37°C"
"1295","temp37_295","37°C"
"1296","temp37_296","37°C"
"1297","temp37_297","37°C"
"1298","temp37_298","37°C"
"1299","temp37_299","37°C"
"1300","temp37_300","37°C"
"1301","temp37_301","37°C"
"1302","temp37_302","37°C"
"1303","temp37_303","37°C"
"1304","temp37_304","37°C"
"1305","temp37_305","37°C"
"1306","temp37_306","37°C"
"1307","temp37_307","37°C"
"1308","temp37_308","37°C"
"1309","temp37_309","37°C"
"1310","temp37_310","37°C"
"1311","temp37_311","37°C"
"1312","temp37_312","37°C"
"1313","temp37_313","37°C"
"1314","temp37_314","37°C"
"1315","temp37_315","37°C"
"1316","temp37_316","37°C"
"1317","temp37_317","37°C"
"1318","temp37_318","37°C"
"1319","temp37_319","37°C"
"1320","temp37_320","37°C"
"1321","temp37_321","37°C"
"1322","temp37_322","37°C"
"1323","temp37_323","37°C"
"1324","temp37_324","37°C"
"1325","temp37_325","37°C"
"1326","temp37_326","37°C"
"1327","temp37_327","37°C"
"1328","temp37_328","37°C"
"1329","temp37_329","37°C"
"1330","temp37_330","37°C"
"1331","temp37_331","37°C"
"1332","temp37_332","37°C"
"1333","temp37_333","37°C"
"1334","temp37_334","37°C"
"1335","temp37_335","37°C"
"1336","temp37_336","37°C"
"1337","temp37_337","37°C"
"1338","temp37_338","37°C"
"1339","temp37_339","37°C"
"1340","temp37_340","37°C"
"1341","temp37_341","37°C"
"1342","temp37_342","37°C"
"1343","temp37_343","37°C"
"1344","temp37_344","37°C"
"1345","temp37_345","37°C"
"1346","temp37_346","37°C"
"1347","temp37_347","37°C"
"1348","temp37_348","37°C"
"1349","temp37_349","37°C"
"1350","temp37_350","37°C"
"1351","temp37_351","37°C"
"1352","temp37_352","37°C"
"1353","temp37_353","37°C"
"1354","temp37_354","37°C"
"1355","temp37_355","37°C"
"1356","temp37_356","37°C"
"1357","temp37_357","37°C"
"1358","temp37_358","37°C"
"1359","temp37_359","37°C"
"1360","temp37_360","37°C"
"1361","temp37_361","37°C"
"1362","temp37_362","37°C"
"1363","temp37_363","37°C"
"1364","temp37_364","37°C"
"1365","temp37_365","37°C"
"1366","temp37_366","37°C"
"1367","temp37_367","37°C"
"1368","temp37_368","37°C"
"1369","temp37_369","37°C"
"1370","temp37_370","37°C"
"1371","temp37_371","37°C"
"1372","temp37_372","37°C"
"1373","temp37_373","37°C"
"1374","temp37_374","37°C"
"1375","temp37_375","37°C"
"1376","temp37_376","37°C"
"1377","temp37_377","37°C"
"1378","temp37_378","37°C"
"1379","temp37_379","37°C"
"1380","temp37_380","37°C"
"1381","temp37_381","37°C"
"1382","temp37_382","37°C"
"1383","temp37_383","37°C"
"1384","temp37_384","37°C"
"1385","temp37_385","37°C"
"1386","temp37_386","37°C"
"1387","temp37_387","37°C"
"1388","temp37_388","37°C"
"1389","temp37_389","37°C"
"1390","temp37_390","37°C"
"1391","temp37_391","37°C"
"1392","temp37_392","37°C"
"1393","temp37_393","37°C"
"1394","temp37_394","37°C"
"1395","temp37_395","37°C"
"1396","temp37_396","37°C"
"1397","temp37_397","37°C"
"1398","temp37_398","37°C"
"1399","temp37_399","37°C"
"1400","temp37_400","37°C"
"1401","temp37_401","37°C"
"1402","temp37_402","37°C"
"1403","temp37_403","37°C"
"1404","temp37_404","37°C"
"1405","temp37_405","37°C"
"1406","temp37_406","37°C"
"1407","temp37_407","37°C"
"1408","temp37_408","37°C"
"1409","temp37_409","37°C"
"1410","temp37_410","37°C"
"1411","temp37_411","37°C"
"1412","temp37_412","37°C"
"1413","temp37_413","37°C"
"1414","temp37_414","37°C"
"1415","temp37_415","37°C"
"1416","temp37_416","37°C"
"1417","temp37_417","37°C"
"1418","temp37_418","37°C"
"1419","temp37_419","37°C"
"1420","temp37_420","37°C"
"1421","temp37_421","37°C"
"1422","temp37_422","37°C"
"1423","temp37_423","37°C"
"1424","temp37_424","37°C"
"1425","temp37_425","37°C"
"1426","temp37_426","37°C"
"1427","temp37_427","37°C"
"1428","temp37_428","37°C"
"1429","temp37_429","37°C"
"1430","temp37_430","37°C"
"1431","temp37_431","37°C"
"1432","temp37_432","37°C"
"1433","temp37_433","37°C"
"1434","temp37_434","37°C"
"1435","temp37_435","37°C"
"1436","temp37_436","37°C"
"1437","temp37_437","37°C"
"1438","temp37_438","37°C"
"1439","temp37_439","37°C"
"1440","temp37_440","37°C"
"1441","temp37_441","37°C"
"1442","temp37_442","37°C"
"1443","temp37_443","37°C"
"1444","temp37_444","37°C"
"1445","temp37_445","37°C"
"1446","temp37_446","37°C"
"1447","temp37_447","37°C"
"1448","temp37_448","37°C"
"1449","temp37_449","37°C"
"1450","temp37_450","37°C"
"1451","temp37_451","37°C"
"1452","temp37_452","37°C"
"1453","temp37_453","37°C"
"1454","temp37_454","37°C"
"1455","temp37_455","37°C"
"1456","temp37_456","37°C"
"1457","temp37_457","37°C"
"1458","temp37_458","37°C"
"1459","temp37_459","37°C"
"1460","temp37_460","37°C"
"1461","temp37_461","37°C"
"1462","temp37_462","37°C"
"1463","temp37_463","37°C"
"1464","temp37_464","37°C"
"1465","temp37_465","37°C"
"1466","temp37_466","37°C"
"1467","temp37_467","37°C"
"1468","temp37_468","37°C"
"1469","temp37_469","37°C"
"1470","temp37_470","37°C"
"1471","temp37_471","37°C"
"1472","temp37_472","37°C"
"1473","temp37_473","37°C"
"1474","temp37_474","37°C"
"1475","temp37_475","37°C"
"1476","temp37_476","37°C"
"1477","temp37_477","37°C"
"1478","temp37_478","37°C"
"1479","temp37_479","37°C"
"1480","temp37_480","37°C"
"1481","temp37_481","37°C"
"1482","temp37_482","37°C"
"1483","temp37_483","37°C"
"1484","temp37_484","37°C"
"1485","temp37_485","37°C"
"1486","temp37_486","37°C"
"1487","temp37_487","37°C"
"1488","temp37_488","37°C"
"1489","temp37_489","37°C"
"1490","temp37_490","37°C"
"1491","temp37_491","37°C"
"1492","temp37_492","37°C"
"1493","temp37_493","37°C"
"1494","temp37_494","37°C"
"1495","temp37_495","37°C"
"1496","temp37_496","37°C"
"1497","temp37_497","37°C"
"1498","temp37_498","37°C"
"1499","temp37_499","37°C"
"1500","temp37_500","37°C"
"1501","temp37_501","37°C"
"1502","temp37_502","37°C"
"1503","temp37_503","37°C"
"1504","temp37_504","37°C"
"1505","temp37_505","37°C"
"1506","temp37_506","37°C"
"1507","temp37_507","37°C"
"1508","temp37_508","37°C"
"1509","temp37_509","37°C"
"1510","temp37_510","37°C"
"1511","temp37_511","37°C"
"1512","temp37_512","37°C"
"1513","temp37_513","37°C"
"1514","temp37_514","37°C"
"1515","temp37_515","37°C"
"1516","temp37_516","37°C"
"1517","temp37_517","37°C"
"1518","temp37_518","37°C"
"1519","temp37_519","37°C"
"1520","temp37_520","37°C"
"1521","temp37_521","37°C"
"1522","temp37_522","37°C"
"1523","temp37_523","37°C"
"1524","temp37_524","37°C"
"1525","temp37_525","37°C"
"1526","temp37_526","37°C"
"1527","temp37_527","37°C"
"1528","temp37_528","37°C"
"1529","temp37_529","37°C"
"1530","temp37_530","37°C"
"1531","temp37_531","37°C"
"1532","temp37_532","37°C"
"1533","temp37_533","37°C"
"1534","temp37_534","37°C"
"1535","temp37_535","37°C"
"1536","temp37_536","37°C"
"1537","temp37_537","37°C"
"1538","temp37_538","37°C"
"1539","temp37_539","37°C"
"1540","temp37_540","37°C"
"1541","temp37_541","37°C"
"1542","temp37_542","37°C"
"1543","temp37_543","37°C"
"1544","temp37_544","37°C"
"1545","temp37_545","37°C"
"1546","temp37_546","37°C"
"1547","temp37_547","37°C"
"1548","temp37_548","37°C"
"1549","temp37_549","37°C"
"1550","temp37_550","37°C"
"1551","temp37_551","37°C"
"1552","temp37_552","37°C"
"1553","temp37_553","37°C"
"1554","temp37_554","37°C"
"1555","temp37_555","37°C"
"1556","temp37_556","37°C"
"1557","temp37_557","37°C"
"1558","temp37_558","37°C"
"1559","temp37_559","37°C"
"1560","temp37_560","37°C"
"1561","temp37_561","37°C"
"1562","temp37_562","37°C"
"1563","temp37_563","37°C"
"1564","temp37_564","37°C"
"1565","temp37_565","37°C"
"1566","temp37_566","37°C"
"1567","temp37_567","37°C"
"1568","temp37_568","37°C"
"1569","temp37_569","37°C"
"1570","temp37_570","37°C"
"1571","temp37_571","37°C"
"1572","temp37_572","37°C"
"1573","temp37_573","37°C"
"1574","temp37_574","37°C"
"1575","temp37_575","37°C"
"1576","temp37_576","37°C"
"1577","temp37_577","37°C"
"1578","temp37_578","37°C"
"1579","temp37_579","37°C"
"1580","temp37_580","37°C"
"1581","temp37_581","37°C"
"1582","temp37_582","37°C"
"1583","temp37_583","37°C"
"1584","temp37_584","37°C"
"1585","temp37_585","37°C"
"1586","temp37_586","37°C"
"1587","temp37_587","37°C"
"1588","temp37_588","37°C"
"1589","temp37_589","37°C"
"1590","temp37_590","37°C"
"1591","temp37_591","37°C"
"1592","temp37_592","37°C"
"1593","temp37_593","37°C"
"1594","temp37_594","37°C"
"1595","temp37_595","37°C"
"1596","temp37_596","37°C"
"1597","temp37_597","37°C"
"1598","temp37_598","37°C"
"1599","temp37_599","37°C"
"1600","temp37_600","37°C"
"1601","temp37_601","37°C"
"1602","temp37_602","37°C"
"1603","temp37_603","37°C"
"1604","temp37_604","37°C"
"1605","temp37_605","37°C"
"1606","temp37_606","37°C"
"1607","temp37_607","37°C"
"1608","temp37_608","37°C"
"1609","temp37_609","37°C"
"1610","temp37_610","37°C"
"1611","temp37_611","37°C"
"1612","temp37_612","37°C"
"1613","temp37_613","37°C"
"1614","temp37_614","37°C"
"1615","temp37_615","37°C"
"1616","temp37_616","37°C"
"1617","temp37_617","37°C"
"1618","temp37_618","37°C"
"1619","temp37_619","37°C"
"1620","temp37_620","37°C"
"1621","temp37_621","37°C"
"1622","temp37_622","37°C"
"1623","temp37_623","37°C"
"1624","temp37_624","37°C"
"1625","temp37_625","37°C"
"1626","temp37_626","37°C"
"1627","temp37_627","37°C"
"1628","temp37_628","37°C"
"1629","temp37_629","37°C"
"1630","temp37_630","37°C"
"1631","temp37_631","37°C"
"1632","temp37_632","37°C"
"1633","temp37_633","37°C"
"1634","temp37_634","37°C"
"1635","temp37_635","37°C"
"1636","temp37_636","37°C"
"1637","temp37_637","37°C"
"1638","temp37_638","37°C"
"1639","temp37_639","37°C"
"1640","temp37_640","37°C"
"1641","temp37_641","37°C"
"1642","temp37_642","37°C"
"1643","temp37_643","37°C"
"1644","temp37_644","37°C"
"1645","temp37_645","37°C"
"1646","temp37_646","37°C"
"1647","temp37_647","37°C"
"1648","temp37_648","37°C"
"1649","temp37_649","37°C"
"1650","temp37_650","37°C"
"1651","temp37_651","37°C"
"1652","temp37_652","37°C"
"1653","temp37_653","37°C"
"1654","temp37_654","37°C"
"1655","temp37_655","37°C"
"1656","temp37_656","37°C"
"1657","temp37_657","37°C"
"1658","temp37_658","37°C"
"1659","temp37_659","37°C"
"1660","temp37_660","37°C"
"1661","temp37_661","37°C"
"1662","temp37_662","37°C"
"1663","temp37_663","37°C"
"1664","temp37_664","37°C"
"1665","temp37_665","37°C"
"1666","temp37_666","37°C"
"1667","temp37_667","37°C"
"1668","temp37_668","37°C"
"1669","temp37_669","37°C"
"1670","temp37_670","37°C"
"1671","temp37_671","37°C"
"1672","temp37_672","37°C"
"1673","temp37_673","37°C"
"1674","temp37_674","37°C"
"1675","temp37_675","37°C"
"1676","temp37_676","37°C"
"1677","temp37_677","37°C"
"1678","temp37_678","37°C"
"1679","temp37_679","37°C"
"1680","temp37_680","37°C"
"1681","temp37_681","37°C"
"1682","temp37_682","37°C"
"1683","temp37_683","37°C"
"1684","temp37_684","37°C"
"1685","temp37_685","37°C"
"1686","temp37_686","37°C"
"1687","temp37_687","37°C"
"1688","temp37_688","37°C"
"1689","temp37_689","37°C"
"1690","temp37_690","37°C"
"1691","temp37_691","37°C"
"1692","temp37_692","37°C"
"1693","temp37_693","37°C"
"1694","temp37_694","37°C"
"1695","temp37_695","37°C"
"1696","temp37_696","37°C"
"1697","temp37_697","37°C"
"1698","temp37_698","37°C"
"1699","temp37_699","37°C"
"1700","temp37_700","37°C"
"1701","temp37_701","37°C"
"1702","temp37_702","37°C"
"1703","temp37_703","37°C"
"1704","temp37_704","37°C"
"1705","temp37_705","37°C"
"1706","temp37_706","37°C"
"1707","temp37_707","37°C"
"1708","temp37_708","37°C"
"1709","temp37_709","37°C"
"1710","temp37_710","37°C"
"1711","temp37_711","37°C"
"1712","temp37_712","37°C"
"1713","temp37_713","37°C"
"1714","temp37_714","37°C"
"1715","temp37_715","37°C"
"1716","temp37_716","37°C"
"1717","temp37_717","37°C"
"1718","temp37_718","37°C"
"1719","temp37_719","37°C"
"1720","temp37_720","37°C"
"1721","temp37_721","37°C"
"1722","temp37_722","37°C"
"1723","temp37_723","37°C"
"1724","temp37_724","37°C"
"1725","temp37_725","37°C"
"1726","temp37_726","37°C"
"1727","temp37_727","37°C"
"1728","temp37_728","37°C"
"1729","temp37_729","37°C"
"1730","temp37_730","37°C"
"1731","temp37_731","37°C"
"1732","temp37_732","37°C"
"1733","temp37_733","37°C"
"1734","temp37_734","37°C"
"1735","temp37_735","37°C"
"1736","temp37_736","37°C"
"1737","temp37_737","37°C"
"1738","temp37_738","37°C"
"1739","temp37_739","37°C"
"1740","temp37_740","37°C"
"1741","temp37_741","37°C"
"1742","temp37_742","37°C"
"1743","temp37_743","37°C"
"1744","temp37_744","37°C"
"1745","temp37_745","37°C"
"1746","temp37_746","37°C"
"1747","temp37_747","37°C"
"1748","temp37_748","37°C"
"1749","temp37_749","37°C"
"1750","temp37_750","37°C"
"1751","temp37_751","37°C"
"1752","temp37_752","37°C"
"1753","temp37_753","37°C"
"1754","temp37_754","37°C"
"1755","temp37_755","37°C"
"1756","temp37_756","37°C"
"1757","temp37_757","37°C"
"1758","temp37_758","37°C"
"1759","temp37_759","37°C"
"1760","temp37_760","37°C"
"1761","temp37_761","37°C"
"1762","temp37_762","37°C"
"1763","temp37_763","37°C"
"1764","temp37_764","37°C"
"1765","temp37_765","37°C"
"1766","temp37_766","37°C"
"1767","temp37_767","37°C"
"1768","temp37_768","37°C"
"1769","temp37_769","37°C"
"1770","temp37_770","37°C"
"1771","temp37_771","37°C"
"1772","temp37_772","37°C"
"1773","temp37_773","37°C"
"1774","temp37_774","37°C"
"1775","temp37_775","37°C"
"1776","temp37_776","37°C"
"1777","temp37_777","37°C"
"1778","temp37_778","37°C"
"1779","temp37_779","37°C"
"1780","temp37_780","37°C"
"1781","temp37_781","37°C"
"1782","temp37_782","37°C"
"1783","temp37_783","37°C"
"1784","temp37_784","37°C"
"1785","temp37_785","37°C"
"1786","temp37_786","37°C"
"1787","temp37_787","37°C"
"1788","temp37_788","37°C"
"1789","temp37_789","37°C"
"1790","temp37_790","37°C"
"1791","temp37_791","37°C"
"1792","temp37_792","37°C"
"1793","temp37_793","37°C"
"1794","temp37_794","37°C"
"1795","temp37_795","37°C"
"1796","temp37_796","37°C"
"1797","temp37_797","37°C"
"1798","temp37_798","37°C"
"1799","temp37_799","37°C"
"1800","temp37_800","37°C"
"1801","temp37_801","37°C"
"1802","temp37_802","37°C"
"1803","temp37_803","37°C"
"1804","temp37_804","37°C"
"1805","temp37_805","37°C"
"1806","temp37_806","37°C"
"1807","temp37_807","37°C"
"1808","temp37_808","37°C"
"1809","temp37_809","37°C"
"1810","temp37_810","37°C"
"1811","temp37_811","37°C"
"1812","temp37_812","37°C"
"1813","temp37_813","37°C"
"1814","temp37_814","37°C"
"1815","temp37_815","37°C"
"1816","temp37_816","37°C"
"1817","temp37_817","37°C"
"1818","temp37_818","37°C"
"1819","temp37_819","37°C"
"1820","temp37_820","37°C"
"1821","temp37_821","37°C"
"1822","temp37_822","37°C"
"1823","temp37_823","37°C"
"1824","temp37_824","37°C"
"1825","temp37_825","37°C"
"1826","temp37_826","37°C"
"1827","temp37_827","37°C"
"1828","temp37_828","37°C"
"1829","temp37_829","37°C"
"1830","temp37_830","37°C"
"1831","temp37_831","37°C"
"1832","temp37_832","37°C"
"1833","temp37_833","37°C"
"1834","temp37_834","37°C"
"1835","temp37_835","37°C"
"1836","temp37_836","37°C"
"1837","temp37_837","37°C"
"1838","temp37_838","37°C"
"1839","temp37_839","37°C"
"1840","temp37_840","37°C"
"1841","temp37_841","37°C"
"1842","temp37_842","37°C"
"1843","temp37_843","37°C"
"1844","temp37_844","37°C"
"1845","temp37_845","37°C"
"1846","temp37_846","37°C"
"1847","temp37_847","37°C"
"1848","temp37_848","37°C"
"1849","temp37_849","37°C"
"1850","temp37_850","37°C"
"1851","temp37_851","37°C"
"1852","temp37_852","37°C"
"1853","temp37_853","37°C"
"1854","temp37_854","37°C"
"1855","temp37_855","37°C"
"1856","temp37_856","37°C"
"1857","temp37_857","37°C"
"1858","temp37_858","37°C"
"1859","temp37_859","37°C"
"1860","temp37_860","37°C"
"1861","temp37_861","37°C"
"1862","temp37_862","37°C"
"1863","temp37_863","37°C"
"1864","temp37_864","37°C"
"1865","temp37_865","37°C"
"1866","temp37_866","37°C"
"1867","temp37_867","37°C"
"1868","temp37_868","37°C"
"1869","temp37_869","37°C"
"1870","temp37_870","37°C"
"1871","temp37_871","37°C"
"1872","temp37_872","37°C"
"1873","temp37_873","37°C"
"1874","temp37_874","37°C"
"1875","temp37_875","37°C"
"1876","temp37_876","37°C"
"1877","temp37_877","37°C"
"1878","temp37_878","37°C"
"1879","temp37_879","37°C"
"1880","temp37_880","37°C"
"1881","temp37_881","37°C"
"1882","temp37_882","37°C"
"1883","temp37_883","37°C"
"1884","temp37_884","37°C"
"1885","temp37_885","37°C"
"1886","temp37_886","37°C"
"1887","temp37_887","37°C"
"1888","temp37_888","37°C"
"1889","temp37_889","37°C"
"1890","temp37_890","37°C"
"1891","temp37_891","37°C"
"1892","temp37_892","37°C"
"1893","temp37_893","37°C"
"1894","temp37_894","37°C"
"1895","temp37_895","37°C"
"1896","temp37_896","37°C"
"1897","temp37_897","37°C"
"1898","temp37_898","37°C"
"1899","temp37_899","37°C"
"1900","temp37_900","37°C"
"1901","temp37_901","37°C"
"1902","temp37_902","37°C"
"1903","temp37_903","37°C"
"1904","temp37_904","37°C"
"1905","temp37_905","37°C"
"1906","temp37_906","37°C"
"1907","temp37_907","37°C"
"1908","temp37_908","37°C"
"1909","temp37_909","37°C"
"1910","temp37_910","37°C"
"1911","temp37_911","37°C"
"1912","temp37_912","37°C"
"1913","temp37_913","37°C"
"1914","temp37_914","37°C"
"1915","temp37_915","37°C"
"1916","temp37_916","37°C"
"1917","temp37_917","37°C"
"1918","temp37_918","37°C"
"1919","temp37_919","37°C"
"1920","temp37_920","37°C"
"1921","temp37_921","37°C"
"1922","temp37_922","37°C"
"1923","temp37_923","37°C"
"1924","temp37_924","37°C"
"1925","temp37_925","37°C"
"1926","temp37_926","37°C"
"1927","temp37_927","37°C"
"1928","temp37_928","37°C"
"1929","temp37_929","37°C"
"1930","temp37_930","37°C"
"1931","temp37_931","37°C"
"1932","temp37_932","37°C"
"1933","temp37_933","37°C"
"1934","temp37_934","37°C"
"1935","temp37_935","37°C"
"1936","temp37_936","37°C"
"1937","temp37_937","37°C"
"1938","temp37_938","37°C"
"1939","temp37_939","37°C"
"1940","temp37_940","37°C"
"1941","temp37_941","37°C"
"1942","temp37_942","37°C"
"1943","temp37_943","37°C"
"1944","temp37_944","37°C"
"1945","temp37_945","37°C"
"1946","temp37_946","37°C"
"1947","temp37_947","37°C"
"1948","temp37_948","37°C"
"1949","temp37_949","37°C"
"1950","temp37_950","37°C"
"1951","temp37_951","37°C"
"1952","temp37_952","37°C"
"1953","temp37_953","37°C"
"1954","temp37_954","37°C"
"1955","temp37_955","37°C"
"1956","temp37_956","37°C"
"1957","temp37_957","37°C"
"1958","temp37_958","37°C"
"1959","temp37_959","37°C"
"1960","temp37_960","37°C"
"1961","temp37_961","37°C"
"1962","temp37_962","37°C"
"1963","temp37_963","37°C"
"1964","temp37_964","37°C"
"1965","temp37_965","37°C"
"1966","temp37_966","37°C"
"1967","temp37_967","37°C"
"1968","temp37_968","37°C"
"1969","temp37_969","37°C"
"1970","temp37_970","37°C"
"1971","temp37_971","37°C"
"1972","temp37_972","37°C"
"1973","temp37_973","37°C"
"1974","temp37_974","37°C"
"1975","temp37_975","37°C"
"1976","temp37_976","37°C"
"1977","temp37_977","37°C"
"1978","temp37_978","37°C"
"1979","temp37_979","37°C"
"1980","temp37_980","37°C"
"1981","temp37_981","37°C"
"1982","temp37_982","37°C"
"1983","temp37_983","37°C"
"1984","temp37_984","37°C"
"1985","temp37_985","37°C"
"1986","temp37_986","37°C"
"1987","temp37_987","37°C"
"1988","temp37_988","37°C"
"1989","temp37_989","37°C"
"1990","temp37_990","37°C"
"1991","temp37_991","37°C"
"1992","temp37_992","37°C"
"1993","temp37_993","37°C"
"1994","temp37_994","37°C"
"1995","temp37_995","37°C"
"1996","temp37_996","37°C"
"1997","temp37_997","37°C"
"1998","temp37_998","37°C"
"1999","temp37_999","37°C"
"2000","temp37_1000","37°C"
